timestamp,temperature,heart_rate,state
2026-02-11 19:08:26.722825,38.51,84.51,healthy
2026-02-11 19:13:26.722825,38.58,93.94,healthy
2026-02-11 19:18:26.722825,38.74,92.58,healthy
2026-02-11 19:23:26.722825,38.62,81.77,healthy
2026-02-11 19:28:26.722825,39.47,105.9,fever
2026-02-11 19:33:26.722825,38.39,86.83,healthy
2026-02-11 19:38:26.722825,38.56,86.9,healthy
2026-02-11 19:43:26.722825,38.68,94.21,healthy
2026-02-11 19:48:26.722825,38.44,130.47,stress
2026-02-11 19:53:26.722825,38.55,116.94,stress
2026-02-11 19:58:26.722825,38.29,79.12,healthy
2026-02-11 20:03:26.722825,38.87,85.06,healthy
2026-02-11 20:08:26.722825,38.34,81.21,healthy
2026-02-11 20:13:26.722825,39.94,105.93,fever
2026-02-11 20:18:26.722825,40.41,120.12,fever
2026-02-11 20:23:26.722825,38.25,86.7,healthy
2026-02-11 20:28:26.722825,38.54,81.93,healthy
2026-02-11 20:33:26.722825,38.56,127.71,stress
2026-02-11 20:38:26.722825,38.64,82.66,healthy
2026-02-11 20:43:26.722825,38.59,89.67,healthy
2026-02-11 20:48:26.722825,38.63,89.78,healthy
2026-02-11 20:53:26.722825,38.77,90.8,healthy
2026-02-11 20:58:26.722825,38.44,79.07,healthy
2026-02-11 21:03:26.722825,38.77,130.35,stress
2026-02-11 21:08:26.722825,38.57,82.16,healthy
2026-02-11 21:13:26.722825,38.69,84.26,healthy
2026-02-11 21:18:26.722825,38.38,76.53,healthy
2026-02-11 21:23:26.722825,38.5,74.86,healthy
2026-02-11 21:28:26.722825,38.56,131.11,stress
2026-02-11 21:33:26.722825,38.52,118.43,stress
2026-02-11 21:38:26.722825,39.99,111.94,fever
2026-02-11 21:43:26.722825,38.74,90.9,healthy
2026-02-11 21:48:26.722825,38.6,83.2,healthy
2026-02-11 21:53:26.722825,38.13,86.55,healthy
2026-02-11 21:58:26.722825,39.99,115.37,fever
2026-02-11 22:03:26.722825,39.47,112.07,fever
2026-02-11 22:08:26.722825,39.95,106.0,fever
2026-02-11 22:13:26.722825,38.57,73.21,healthy
2026-02-11 22:18:26.722825,38.42,88.83,healthy
2026-02-11 22:23:26.722825,38.5,83.99,healthy
2026-02-11 22:28:26.722825,38.39,93.63,healthy
2026-02-11 22:33:26.722825,38.47,94.88,healthy
2026-02-11 22:38:26.722825,38.77,77.86,healthy
2026-02-11 22:43:26.722825,38.56,77.87,healthy
2026-02-11 22:48:26.722825,38.53,87.15,healthy
2026-02-11 22:53:26.722825,38.63,80.48,healthy
2026-02-11 22:58:26.722825,38.39,82.78,healthy
2026-02-11 23:03:26.722825,38.46,82.35,healthy
2026-02-11 23:08:26.722825,38.41,88.13,healthy
2026-02-11 23:13:26.722825,38.59,81.64,healthy
2026-02-11 23:18:26.722825,38.51,77.87,healthy
2026-02-11 23:23:26.722825,38.55,81.79,healthy
2026-02-11 23:28:26.722825,38.77,82.49,healthy
2026-02-11 23:33:26.722825,39.76,103.68,fever
2026-02-11 23:38:26.722825,38.66,81.86,healthy
2026-02-11 23:43:26.722825,38.64,87.54,healthy
2026-02-11 23:48:26.722825,39.79,110.22,fever
2026-02-11 23:53:26.722825,38.6,88.85,healthy
2026-02-11 23:58:26.722825,38.61,128.38,stress
2026-02-12 00:03:26.722825,38.41,110.33,stress
2026-02-12 00:08:26.722825,38.49,87.32,healthy
2026-02-12 00:13:26.722825,38.6,84.62,healthy
2026-02-12 00:18:26.722825,38.48,84.24,healthy
2026-02-12 00:23:26.722825,38.84,91.15,healthy
2026-02-12 00:28:26.722825,39.81,110.55,fever
2026-02-12 00:33:26.722825,38.89,80.65,healthy
2026-02-12 00:38:26.722825,39.62,113.9,fever
2026-02-12 00:43:26.722825,38.58,119.42,stress
2026-02-12 00:48:26.722825,38.26,72.42,healthy
2026-02-12 00:53:26.722825,38.33,84.24,healthy
2026-02-12 00:58:26.722825,38.63,85.41,healthy
2026-02-12 01:03:26.722825,38.07,82.91,healthy
2026-02-12 01:08:26.722825,38.63,86.2,healthy
2026-02-12 01:13:26.722825,38.5,115.42,stress
2026-02-12 01:18:26.722825,39.79,106.8,fever
2026-02-12 01:23:26.722825,39.94,104.82,fever
2026-02-12 01:28:26.722825,38.6,83.73,healthy
2026-02-12 01:33:26.722825,38.57,127.2,stress
2026-02-12 01:38:26.722825,38.5,86.45,healthy
2026-02-12 01:43:26.722825,38.68,80.13,healthy
2026-02-12 01:48:26.722825,38.52,81.59,healthy
2026-02-12 01:53:26.722825,38.62,91.06,healthy
2026-02-12 01:58:26.722825,38.53,81.0,healthy
2026-02-12 02:03:26.722825,38.72,103.19,stress
2026-02-12 02:08:26.722825,38.52,77.71,healthy
2026-02-12 02:13:26.722825,38.53,86.3,healthy
2026-02-12 02:18:26.722825,39.35,112.1,fever
2026-02-12 02:23:26.722825,38.57,75.26,healthy
2026-02-12 02:28:26.722825,38.59,79.98,healthy
2026-02-12 02:33:26.722825,38.85,79.69,healthy
2026-02-12 02:38:26.722825,38.44,83.54,healthy
2026-02-12 02:43:26.722825,38.61,88.01,healthy
2026-02-12 02:48:26.722825,38.55,84.39,healthy
2026-02-12 02:53:26.722825,38.66,86.59,healthy
2026-02-12 02:58:26.722825,39.53,102.21,fever
2026-02-12 03:03:26.722825,38.15,89.15,healthy
2026-02-12 03:08:26.722825,38.15,77.21,healthy
2026-02-12 03:13:26.722825,38.58,87.04,healthy
2026-02-12 03:18:26.722825,38.7,119.08,stress
2026-02-12 03:23:26.722825,38.11,83.68,healthy
2026-02-12 03:28:26.722825,38.47,85.79,healthy
2026-02-12 03:33:26.722825,38.31,85.39,healthy
2026-02-12 03:38:26.722825,38.35,91.49,healthy
2026-02-12 03:43:26.722825,38.48,88.72,healthy
2026-02-12 03:48:26.722825,38.33,79.9,healthy
2026-02-12 03:53:26.722825,38.68,89.55,healthy
2026-02-12 03:58:26.722825,38.43,90.66,healthy
2026-02-12 04:03:26.722825,38.63,82.73,healthy
2026-02-12 04:08:26.722825,38.37,81.88,healthy
2026-02-12 04:13:26.722825,38.39,83.56,healthy
2026-02-12 04:18:26.722825,38.52,81.4,healthy
2026-02-12 04:23:26.722825,38.75,78.49,healthy
2026-02-12 04:28:26.722825,39.68,115.04,fever
2026-02-12 04:33:26.722825,38.05,87.78,healthy
2026-02-12 04:38:26.722825,38.71,98.07,healthy
2026-02-12 04:43:26.722825,38.66,95.78,healthy
2026-02-12 04:48:26.722825,38.62,122.32,stress
2026-02-12 04:53:26.722825,38.27,84.65,healthy
2026-02-12 04:58:26.722825,38.56,85.29,healthy
2026-02-12 05:03:26.722825,38.89,86.87,healthy
2026-02-12 05:08:26.722825,38.68,87.04,healthy
2026-02-12 05:13:26.722825,38.24,77.36,healthy
2026-02-12 05:18:26.722825,39.41,107.29,fever
2026-02-12 05:23:26.722825,39.72,101.45,fever
2026-02-12 05:28:26.722825,38.38,91.42,healthy
2026-02-12 05:33:26.722825,38.89,90.17,healthy
2026-02-12 05:38:26.722825,38.09,89.44,healthy
2026-02-12 05:43:26.722825,39.45,116.38,fever
2026-02-12 05:48:26.722825,38.39,89.97,healthy
2026-02-12 05:53:26.722825,38.49,88.88,healthy
2026-02-12 05:58:26.722825,38.82,83.21,healthy
2026-02-12 06:03:26.722825,38.59,92.24,healthy
2026-02-12 06:08:26.722825,38.44,84.38,healthy
2026-02-12 06:13:26.722825,39.48,106.17,fever
2026-02-12 06:18:26.722825,39.41,109.92,fever
2026-02-12 06:23:26.722825,38.56,74.95,healthy
2026-02-12 06:28:26.722825,38.52,93.42,healthy
2026-02-12 06:33:26.722825,38.29,83.56,healthy
2026-02-12 06:38:26.722825,38.61,83.78,healthy
2026-02-12 06:43:26.722825,38.36,81.82,healthy
2026-02-12 06:48:26.722825,38.32,92.02,healthy
2026-02-12 06:53:26.722825,38.57,79.58,healthy
2026-02-12 06:58:26.722825,38.53,86.26,healthy
2026-02-12 07:03:26.722825,38.69,88.99,healthy
2026-02-12 07:08:26.722825,38.41,86.37,healthy
2026-02-12 07:13:26.722825,38.41,85.83,healthy
2026-02-12 07:18:26.722825,38.54,82.85,healthy
2026-02-12 07:23:26.722825,40.32,110.56,fever
2026-02-12 07:28:26.722825,38.55,82.96,healthy
2026-02-12 07:33:26.722825,38.76,121.33,stress
2026-02-12 07:38:26.722825,38.3,89.01,healthy
2026-02-12 07:43:26.722825,38.37,88.72,healthy
2026-02-12 07:48:26.722825,39.76,107.65,fever
2026-02-12 07:53:26.722825,39.75,111.64,fever
2026-02-12 07:58:26.722825,38.55,82.43,healthy
2026-02-12 08:03:26.722825,38.61,84.44,healthy
2026-02-12 08:08:26.722825,38.6,84.88,healthy
2026-02-12 08:13:26.722825,38.64,81.49,healthy
2026-02-12 08:18:26.722825,38.25,88.86,healthy
2026-02-12 08:23:26.722825,38.27,92.73,healthy
2026-02-12 08:28:26.722825,38.44,85.74,healthy
2026-02-12 08:33:26.722825,38.06,84.59,healthy
2026-02-12 08:38:26.722825,39.55,104.49,fever
2026-02-12 08:43:26.722825,38.29,81.85,healthy
2026-02-12 08:48:26.722825,38.8,85.81,healthy
2026-02-12 08:53:26.722825,38.67,92.25,healthy
2026-02-12 08:58:26.722825,38.3,92.82,healthy
2026-02-12 09:03:26.722825,38.27,85.31,healthy
2026-02-12 09:08:26.722825,38.55,86.21,healthy
2026-02-12 09:13:26.722825,38.55,81.64,healthy
2026-02-12 09:18:26.722825,38.36,82.22,healthy
2026-02-12 09:23:26.722825,38.42,87.08,healthy
2026-02-12 09:28:26.722825,38.55,85.14,healthy
2026-02-12 09:33:26.722825,38.43,87.02,healthy
2026-02-12 09:38:26.722825,38.64,111.18,stress
2026-02-12 09:43:26.722825,38.52,87.71,healthy
2026-02-12 09:48:26.722825,38.55,80.75,healthy
2026-02-12 09:53:26.722825,38.61,82.36,healthy
2026-02-12 09:58:26.722825,38.03,85.98,healthy
2026-02-12 10:03:26.722825,38.19,82.78,healthy
2026-02-12 10:08:26.722825,38.56,83.13,healthy
2026-02-12 10:13:26.722825,38.67,88.47,healthy
2026-02-12 10:18:26.722825,38.6,113.48,stress
2026-02-12 10:23:26.722825,39.7,108.96,fever
2026-02-12 10:28:26.722825,39.53,100.37,fever
2026-02-12 10:33:26.722825,38.49,87.83,healthy
2026-02-12 10:38:26.722825,38.56,127.75,stress
2026-02-12 10:43:26.722825,38.68,130.86,stress
2026-02-12 10:48:26.722825,38.68,91.01,healthy
2026-02-12 10:53:26.722825,38.62,94.34,healthy
2026-02-12 10:58:26.722825,38.47,88.1,healthy
2026-02-12 11:03:26.722825,38.69,118.9,stress
2026-02-12 11:08:26.722825,38.73,83.14,healthy
2026-02-12 11:13:26.722825,38.85,139.75,stress
2026-02-12 11:18:26.722825,38.19,86.22,healthy
2026-02-12 11:23:26.722825,38.69,83.65,healthy
2026-02-12 11:28:26.722825,38.51,84.88,healthy
2026-02-12 11:33:26.722825,38.58,86.76,healthy
2026-02-12 11:38:26.722825,39.5,112.09,fever
2026-02-12 11:43:26.722825,38.32,126.61,stress
2026-02-12 11:48:26.722825,40.02,103.11,fever
2026-02-12 11:53:26.722825,38.09,80.85,healthy
2026-02-12 11:58:26.722825,38.69,78.29,healthy
2026-02-12 12:03:26.722825,39.56,109.48,fever
2026-02-12 12:08:26.722825,38.65,78.41,healthy
2026-02-12 12:13:26.722825,38.4,82.2,healthy
2026-02-12 12:18:26.722825,38.58,83.72,healthy
2026-02-12 12:23:26.722825,38.24,76.83,healthy
2026-02-12 12:28:26.722825,38.3,88.78,healthy
2026-02-12 12:33:26.722825,38.57,82.95,healthy
2026-02-12 12:38:26.722825,38.58,86.71,healthy
2026-02-12 12:43:26.722825,38.86,90.54,healthy
2026-02-12 12:48:26.722825,38.35,83.04,healthy
2026-02-12 12:53:26.722825,38.68,91.34,healthy
2026-02-12 12:58:26.722825,39.56,113.12,fever
2026-02-12 13:03:26.722825,38.29,83.37,healthy
2026-02-12 13:08:26.722825,38.41,77.21,healthy
2026-02-12 13:13:26.722825,38.61,92.36,healthy
2026-02-12 13:18:26.722825,38.34,84.83,healthy
2026-02-12 13:23:26.722825,39.77,104.76,fever
2026-02-12 13:28:26.722825,38.24,86.63,healthy
2026-02-12 13:33:26.722825,38.54,84.4,healthy
2026-02-12 13:38:26.722825,38.1,88.05,healthy
2026-02-12 13:43:26.722825,38.71,85.58,healthy
2026-02-12 13:48:26.722825,39.83,109.78,fever
2026-02-12 13:53:26.722825,39.83,112.68,fever
2026-02-12 13:58:26.722825,38.42,80.6,healthy
2026-02-12 14:03:26.722825,38.74,87.91,healthy
2026-02-12 14:08:26.722825,38.66,87.02,healthy
2026-02-12 14:13:26.722825,38.76,82.76,healthy
2026-02-12 14:18:26.722825,38.77,96.23,healthy
2026-02-12 14:23:26.722825,39.75,105.24,fever
2026-02-12 14:28:26.722825,38.11,90.64,healthy
2026-02-12 14:33:26.722825,39.91,110.92,fever
2026-02-12 14:38:26.722825,38.55,86.58,healthy
2026-02-12 14:43:26.722825,40.11,113.34,fever
2026-02-12 14:48:26.722825,38.52,90.48,healthy
2026-02-12 14:53:26.722825,38.41,81.34,healthy
2026-02-12 14:58:26.722825,38.3,84.69,healthy
2026-02-12 15:03:26.722825,38.41,97.41,healthy
2026-02-12 15:08:26.722825,38.83,84.91,healthy
2026-02-12 15:13:26.722825,38.56,83.71,healthy
2026-02-12 15:18:26.722825,38.4,90.0,healthy
2026-02-12 15:23:26.722825,38.47,79.91,healthy
2026-02-12 15:28:26.722825,38.51,80.52,healthy
2026-02-12 15:33:26.722825,38.55,87.07,healthy
2026-02-12 15:38:26.722825,38.71,85.3,healthy
2026-02-12 15:43:26.722825,38.41,81.54,healthy
2026-02-12 15:48:26.722825,38.65,87.48,healthy
2026-02-12 15:53:26.722825,38.37,81.74,healthy
2026-02-12 15:58:26.722825,38.38,86.72,healthy
2026-02-12 16:03:26.722825,38.3,91.44,healthy
2026-02-12 16:08:26.722825,38.96,87.09,healthy
2026-02-12 16:13:26.722825,39.9,121.96,fever
2026-02-12 16:18:26.722825,38.24,90.69,healthy
2026-02-12 16:23:26.722825,40.08,113.28,fever
2026-02-12 16:28:26.722825,38.22,84.39,healthy
2026-02-12 16:33:26.722825,38.34,83.7,healthy
2026-02-12 16:38:26.722825,38.66,89.92,healthy
2026-02-12 16:43:26.722825,38.75,87.97,healthy
2026-02-12 16:48:26.722825,38.17,78.93,healthy
2026-02-12 16:53:26.722825,38.26,91.56,healthy
2026-02-12 16:58:26.722825,38.41,80.35,healthy
2026-02-12 17:03:26.722825,38.62,130.83,stress
2026-02-12 17:08:26.722825,38.46,117.53,stress
2026-02-12 17:13:26.722825,38.48,80.48,healthy
2026-02-12 17:18:26.722825,38.48,86.33,healthy
2026-02-12 17:23:26.722825,38.43,77.96,healthy
2026-02-12 17:28:26.722825,38.11,83.67,healthy
2026-02-12 17:33:26.722825,38.6,84.69,healthy
2026-02-12 17:38:26.722825,38.48,91.45,healthy
2026-02-12 17:43:26.722825,38.56,88.63,healthy
2026-02-12 17:48:26.722825,38.36,85.47,healthy
2026-02-12 17:53:26.722825,38.4,88.87,healthy
2026-02-12 17:58:26.722825,38.59,77.01,healthy
2026-02-12 18:03:26.722825,38.61,82.1,healthy
2026-02-12 18:08:26.722825,38.59,88.92,healthy
2026-02-12 18:13:26.722825,38.17,86.87,healthy
2026-02-12 18:18:26.722825,40.02,101.49,fever
2026-02-12 18:23:26.722825,38.71,81.55,healthy
2026-02-12 18:28:26.722825,38.34,87.89,healthy
2026-02-12 18:33:26.722825,38.23,78.43,healthy
2026-02-12 18:38:26.722825,39.93,116.38,fever
2026-02-12 18:43:26.722825,38.34,85.33,healthy
2026-02-12 18:48:26.722825,38.43,76.26,healthy
2026-02-12 18:53:26.722825,38.58,74.75,healthy
2026-02-12 18:58:26.722825,38.17,84.59,healthy
2026-02-12 19:03:26.722825,38.47,80.13,healthy
2026-02-12 19:08:26.722825,38.72,77.69,healthy
2026-02-12 19:13:26.722825,38.22,78.69,healthy
2026-02-12 19:18:26.722825,38.54,82.01,healthy
2026-02-12 19:23:26.722825,38.87,85.41,healthy
2026-02-12 19:28:26.722825,38.56,83.52,healthy
2026-02-12 19:33:26.722825,38.43,86.72,healthy
2026-02-12 19:38:26.722825,39.53,108.35,fever
2026-02-12 19:43:26.722825,38.55,85.5,healthy
2026-02-12 19:48:26.722825,38.43,80.14,healthy
2026-02-12 19:53:26.722825,39.54,115.85,fever
2026-02-12 19:58:26.722825,38.76,89.99,healthy
2026-02-12 20:03:26.722825,38.31,87.73,healthy
2026-02-12 20:08:26.722825,39.77,106.24,fever
2026-02-12 20:13:26.722825,39.97,102.64,fever
2026-02-12 20:18:26.722825,38.16,85.29,healthy
2026-02-12 20:23:26.722825,38.33,86.6,healthy
2026-02-12 20:28:26.722825,38.42,89.81,healthy
2026-02-12 20:33:26.722825,38.55,129.27,stress
2026-02-12 20:38:26.722825,38.73,84.23,healthy
2026-02-12 20:43:26.722825,38.31,89.16,healthy
2026-02-12 20:48:26.722825,38.59,88.57,healthy
2026-02-12 20:53:26.722825,39.84,99.08,fever
2026-02-12 20:58:26.722825,38.34,89.22,healthy
2026-02-12 21:03:26.722825,38.59,94.34,healthy
2026-02-12 21:08:26.722825,38.43,82.43,healthy
2026-02-12 21:13:26.722825,38.5,86.86,healthy
2026-02-12 21:18:26.722825,38.56,83.91,healthy
2026-02-12 21:23:26.722825,38.41,76.56,healthy
2026-02-12 21:28:26.722825,38.55,79.4,healthy
2026-02-12 21:33:26.722825,38.28,83.92,healthy
2026-02-12 21:38:26.722825,38.37,86.89,healthy
2026-02-12 21:43:26.722825,38.7,140.61,stress
2026-02-12 21:48:26.722825,38.08,80.32,healthy
2026-02-12 21:53:26.722825,38.69,85.64,healthy
2026-02-12 21:58:26.722825,38.55,82.19,healthy
2026-02-12 22:03:26.722825,38.57,79.48,healthy
2026-02-12 22:08:26.722825,38.38,87.17,healthy
2026-02-12 22:13:26.722825,38.63,81.02,healthy
2026-02-12 22:18:26.722825,38.86,84.23,healthy
2026-02-12 22:23:26.722825,38.66,86.28,healthy
2026-02-12 22:28:26.722825,38.51,81.89,healthy
2026-02-12 22:33:26.722825,38.36,99.34,healthy
2026-02-12 22:38:26.722825,38.46,88.03,healthy
2026-02-12 22:43:26.722825,38.34,89.87,healthy
2026-02-12 22:48:26.722825,38.57,83.49,healthy
2026-02-12 22:53:26.722825,38.4,78.49,healthy
2026-02-12 22:58:26.722825,38.4,133.46,stress
2026-02-12 23:03:26.722825,38.79,120.64,stress
2026-02-12 23:08:26.722825,38.18,81.94,healthy
2026-02-12 23:13:26.722825,38.5,85.92,healthy
2026-02-12 23:18:26.722825,38.24,86.41,healthy
2026-02-12 23:23:26.722825,40.01,105.17,fever
2026-02-12 23:28:26.722825,38.19,88.49,healthy
2026-02-12 23:33:26.722825,38.64,128.35,stress
2026-02-12 23:38:26.722825,38.63,85.15,healthy
2026-02-12 23:43:26.722825,38.37,84.96,healthy
2026-02-12 23:48:26.722825,38.49,80.45,healthy
2026-02-12 23:53:26.722825,38.28,89.35,healthy
2026-02-12 23:58:26.722825,38.23,82.51,healthy
2026-02-13 00:03:26.722825,38.52,95.03,healthy
2026-02-13 00:08:26.722825,38.5,87.91,healthy
2026-02-13 00:13:26.722825,38.45,87.66,healthy
2026-02-13 00:18:26.722825,39.51,107.16,fever
2026-02-13 00:23:26.722825,38.59,143.19,stress
2026-02-13 00:28:26.722825,38.18,89.75,healthy
2026-02-13 00:33:26.722825,38.41,82.31,healthy
2026-02-13 00:38:26.722825,39.61,111.18,fever
2026-02-13 00:43:26.722825,38.1,84.15,healthy
2026-02-13 00:48:26.722825,38.31,83.96,healthy
2026-02-13 00:53:26.722825,38.68,123.65,stress
2026-02-13 00:58:26.722825,38.5,135.92,stress
2026-02-13 01:03:26.722825,40.07,113.24,fever
2026-02-13 01:08:26.722825,39.05,108.46,fever
2026-02-13 01:13:26.722825,38.83,92.91,healthy
2026-02-13 01:18:26.722825,38.25,87.3,healthy
2026-02-13 01:23:26.722825,38.63,85.88,healthy
2026-02-13 01:28:26.722825,39.0,86.19,healthy
2026-02-13 01:33:26.722825,40.01,100.67,fever
2026-02-13 01:38:26.722825,38.47,91.07,healthy
2026-02-13 01:43:26.722825,38.97,86.7,healthy
2026-02-13 01:48:26.722825,38.7,80.26,healthy
2026-02-13 01:53:26.722825,38.55,84.56,healthy
2026-02-13 01:58:26.722825,38.63,126.09,stress
2026-02-13 02:03:26.722825,38.32,75.03,healthy
2026-02-13 02:08:26.722825,38.64,88.26,healthy
2026-02-13 02:13:26.722825,38.67,83.45,healthy
2026-02-13 02:18:26.722825,39.69,105.61,fever
2026-02-13 02:23:26.722825,40.1,100.56,fever
2026-02-13 02:28:26.722825,38.32,80.25,healthy
2026-02-13 02:33:26.722825,38.55,82.49,healthy
2026-02-13 02:38:26.722825,38.57,112.48,stress
2026-02-13 02:43:26.722825,38.51,83.82,healthy
2026-02-13 02:48:26.722825,38.56,90.98,healthy
2026-02-13 02:53:26.722825,39.52,102.8,fever
2026-02-13 02:58:26.722825,38.5,76.98,healthy
2026-02-13 03:03:26.722825,38.25,90.19,healthy
2026-02-13 03:08:26.722825,38.7,134.01,stress
2026-02-13 03:13:26.722825,38.47,87.02,healthy
2026-02-13 03:18:26.722825,39.46,109.5,fever
2026-02-13 03:23:26.722825,38.53,89.74,healthy
2026-02-13 03:28:26.722825,38.68,86.91,healthy
2026-02-13 03:33:26.722825,38.65,85.01,healthy
2026-02-13 03:38:26.722825,38.54,79.54,healthy
2026-02-13 03:43:26.722825,38.46,76.46,healthy
2026-02-13 03:48:26.722825,38.66,82.63,healthy
2026-02-13 03:53:26.722825,38.73,88.97,healthy
2026-02-13 03:58:26.722825,38.4,91.49,healthy
2026-02-13 04:03:26.722825,38.52,84.59,healthy
2026-02-13 04:08:26.722825,38.5,120.66,stress
2026-02-13 04:13:26.722825,38.95,81.78,healthy
2026-02-13 04:18:26.722825,38.42,83.59,healthy
2026-02-13 04:23:26.722825,38.56,87.83,healthy
2026-02-13 04:28:26.722825,38.6,120.42,stress
2026-02-13 04:33:26.722825,38.81,86.84,healthy
2026-02-13 04:38:26.722825,38.15,78.56,healthy
2026-02-13 04:43:26.722825,38.33,87.62,healthy
2026-02-13 04:48:26.722825,38.44,79.28,healthy
2026-02-13 04:53:26.722825,38.61,90.03,healthy
2026-02-13 04:58:26.722825,38.67,136.03,stress
2026-02-13 05:03:26.722825,38.92,92.31,healthy
2026-02-13 05:08:26.722825,39.77,108.8,fever
2026-02-13 05:13:26.722825,38.3,85.72,healthy
2026-02-13 05:18:26.722825,38.41,77.81,healthy
2026-02-13 05:23:26.722825,39.07,109.08,fever
2026-02-13 05:28:26.722825,38.44,88.25,healthy
2026-02-13 05:33:26.722825,38.64,116.48,stress
2026-02-13 05:38:26.722825,38.4,81.91,healthy
2026-02-13 05:43:26.722825,38.67,78.37,healthy
2026-02-13 05:48:26.722825,38.4,84.08,healthy
2026-02-13 05:53:26.722825,38.58,75.84,healthy
2026-02-13 05:58:26.722825,38.36,80.05,healthy
2026-02-13 06:03:26.722825,38.64,130.46,stress
2026-02-13 06:08:26.722825,38.16,83.64,healthy
2026-02-13 06:13:26.722825,38.4,81.66,healthy
2026-02-13 06:18:26.722825,38.36,86.44,healthy
2026-02-13 06:23:26.722825,39.41,106.26,fever
2026-02-13 06:28:26.722825,38.35,86.28,healthy
2026-02-13 06:33:26.722825,38.65,90.95,healthy
2026-02-13 06:38:26.722825,38.16,83.95,healthy
2026-02-13 06:43:26.722825,38.5,86.19,healthy
2026-02-13 06:48:26.722825,38.53,90.52,healthy
2026-02-13 06:53:26.722825,38.08,80.04,healthy
2026-02-13 06:58:26.722825,38.57,115.94,stress
2026-02-13 07:03:26.722825,40.06,106.76,fever
2026-02-13 07:08:26.722825,39.75,113.83,fever
2026-02-13 07:13:26.722825,38.78,94.23,healthy
2026-02-13 07:18:26.722825,38.5,81.05,healthy
2026-02-13 07:23:26.722825,38.38,78.62,healthy
2026-02-13 07:28:26.722825,38.62,81.48,healthy
2026-02-13 07:33:26.722825,38.6,78.57,healthy
2026-02-13 07:38:26.722825,38.91,92.44,healthy
2026-02-13 07:43:26.722825,39.09,105.91,fever
2026-02-13 07:48:26.722825,38.58,76.73,healthy
2026-02-13 07:53:26.722825,38.51,86.69,healthy
2026-02-13 07:58:26.722825,38.59,82.64,healthy
2026-02-13 08:03:26.722825,38.65,84.82,healthy
2026-02-13 08:08:26.722825,38.31,84.17,healthy
2026-02-13 08:13:26.722825,38.29,75.08,healthy
2026-02-13 08:18:26.722825,38.6,85.03,healthy
2026-02-13 08:23:26.722825,38.26,88.88,healthy
2026-02-13 08:28:26.722825,38.32,85.77,healthy
2026-02-13 08:33:26.722825,40.07,108.76,fever
2026-02-13 08:38:26.722825,38.54,107.28,stress
2026-02-13 08:43:26.722825,38.57,87.89,healthy
2026-02-13 08:48:26.722825,38.56,85.52,healthy
2026-02-13 08:53:26.722825,38.25,91.57,healthy
2026-02-13 08:58:26.722825,38.5,82.11,healthy
2026-02-13 09:03:26.722825,38.22,84.23,healthy
2026-02-13 09:08:26.722825,38.65,132.66,stress
2026-02-13 09:13:26.722825,38.65,83.5,healthy
2026-02-13 09:18:26.722825,38.59,139.15,stress
2026-02-13 09:23:26.722825,38.48,86.27,healthy
2026-02-13 09:28:26.722825,40.21,102.04,fever
2026-02-13 09:33:26.722825,38.66,71.13,healthy
2026-02-13 09:38:26.722825,38.42,86.39,healthy
2026-02-13 09:43:26.722825,38.4,83.05,healthy
2026-02-13 09:48:26.722825,38.55,89.34,healthy
2026-02-13 09:53:26.722825,39.44,107.87,fever
2026-02-13 09:58:26.722825,39.53,100.03,fever
2026-02-13 10:03:26.722825,38.66,91.93,healthy
2026-02-13 10:08:26.722825,38.22,83.09,healthy
2026-02-13 10:13:26.722825,38.17,93.75,healthy
2026-02-13 10:18:26.722825,38.33,87.64,healthy
2026-02-13 10:23:26.722825,38.85,82.79,healthy
2026-02-13 10:28:26.722825,38.95,86.44,healthy
2026-02-13 10:33:26.722825,38.37,78.62,healthy
2026-02-13 10:38:26.722825,38.76,89.2,healthy
2026-02-13 10:43:26.722825,38.48,117.84,stress
2026-02-13 10:48:26.722825,38.53,80.76,healthy
2026-02-13 10:53:26.722825,38.38,88.07,healthy
2026-02-13 10:58:26.722825,38.56,91.82,healthy
2026-02-13 11:03:26.722825,38.32,90.77,healthy
2026-02-13 11:08:26.722825,38.52,86.31,healthy
2026-02-13 11:13:26.722825,40.06,104.53,fever
2026-02-13 11:18:26.722825,38.6,87.71,healthy
2026-02-13 11:23:26.722825,39.56,105.75,fever
2026-02-13 11:28:26.722825,38.51,78.17,healthy
2026-02-13 11:33:26.722825,38.55,84.64,healthy
2026-02-13 11:38:26.722825,38.64,125.06,stress
2026-02-13 11:43:26.722825,38.47,85.73,healthy
2026-02-13 11:48:26.722825,38.23,92.34,healthy
2026-02-13 11:53:26.722825,39.49,110.09,fever
2026-02-13 11:58:26.722825,38.95,87.52,healthy
2026-02-13 12:03:26.722825,38.43,88.63,healthy
2026-02-13 12:08:26.722825,38.61,123.47,stress
2026-02-13 12:13:26.722825,38.56,95.61,healthy
2026-02-13 12:18:26.722825,38.2,85.91,healthy
2026-02-13 12:23:26.722825,40.49,109.11,fever
2026-02-13 12:28:26.722825,38.36,77.19,healthy
2026-02-13 12:33:26.722825,38.52,81.85,healthy
2026-02-13 12:38:26.722825,38.52,103.66,stress
2026-02-13 12:43:26.722825,38.1,85.78,healthy
2026-02-13 12:48:26.722825,38.69,128.46,stress
2026-02-13 12:53:26.722825,38.55,81.61,healthy
2026-02-13 12:58:26.722825,38.92,87.9,healthy
2026-02-13 13:03:26.722825,38.92,92.47,healthy
2026-02-13 13:08:26.722825,38.33,80.75,healthy
2026-02-13 13:13:26.722825,38.36,91.1,healthy
2026-02-13 13:18:26.722825,38.62,78.42,healthy
2026-02-13 13:23:26.722825,38.74,86.31,healthy
2026-02-13 13:28:26.722825,38.56,92.95,healthy
2026-02-13 13:33:26.722825,38.33,76.72,healthy
2026-02-13 13:38:26.722825,38.69,88.0,healthy
2026-02-13 13:43:26.722825,38.43,84.74,healthy
2026-02-13 13:48:26.722825,38.51,123.94,stress
2026-02-13 13:53:26.722825,39.28,116.06,fever
2026-02-13 13:58:26.722825,38.56,92.68,healthy
2026-02-13 14:03:26.722825,38.35,83.91,healthy
2026-02-13 14:08:26.722825,38.63,86.41,healthy
2026-02-13 14:13:26.722825,38.03,93.93,healthy
2026-02-13 14:18:26.722825,38.7,90.04,healthy
2026-02-13 14:23:26.722825,38.76,79.52,healthy
2026-02-13 14:28:26.722825,38.55,85.86,healthy
2026-02-13 14:33:26.722825,39.72,104.69,fever
2026-02-13 14:38:26.722825,38.23,86.64,healthy
2026-02-13 14:43:26.722825,38.28,88.76,healthy
2026-02-13 14:48:26.722825,38.63,78.15,healthy
2026-02-13 14:53:26.722825,38.57,81.36,healthy
2026-02-13 14:58:26.722825,38.57,141.72,stress
2026-02-13 15:03:26.722825,38.28,82.06,healthy
2026-02-13 15:08:26.722825,38.45,87.66,healthy
2026-02-13 15:13:26.722825,38.32,85.07,healthy
2026-02-13 15:18:26.722825,38.62,84.35,healthy
2026-02-13 15:23:26.722825,38.46,87.66,healthy
2026-02-13 15:28:26.722825,38.68,82.9,healthy
2026-02-13 15:33:26.722825,38.64,78.61,healthy
2026-02-13 15:38:26.722825,38.45,82.68,healthy
2026-02-13 15:43:26.722825,39.89,115.8,fever
2026-02-13 15:48:26.722825,38.57,78.91,healthy
2026-02-13 15:53:26.722825,38.11,91.98,healthy
2026-02-13 15:58:26.722825,39.03,86.6,healthy
2026-02-13 16:03:26.722825,38.53,82.08,healthy
2026-02-13 16:08:26.722825,38.72,127.06,stress
2026-02-13 16:13:26.722825,38.4,85.32,healthy
2026-02-13 16:18:26.722825,38.89,80.58,healthy
2026-02-13 16:23:26.722825,40.04,108.72,fever
2026-02-13 16:28:26.722825,38.48,123.83,stress
2026-02-13 16:33:26.722825,38.77,128.47,stress
2026-02-13 16:38:26.722825,39.2,107.06,fever
2026-02-13 16:43:26.722825,38.25,86.16,healthy
2026-02-13 16:48:26.722825,38.29,83.8,healthy
2026-02-13 16:53:26.722825,38.42,86.25,healthy
2026-02-13 16:58:26.722825,38.75,85.93,healthy
2026-02-13 17:03:26.722825,38.46,84.71,healthy
2026-02-13 17:08:26.722825,38.7,76.28,healthy
2026-02-13 17:13:26.722825,38.68,94.15,healthy
2026-02-13 17:18:26.722825,38.46,138.04,stress
2026-02-13 17:23:26.722825,38.63,76.53,healthy
2026-02-13 17:28:26.722825,38.53,124.86,stress
2026-02-13 17:33:26.722825,38.55,81.84,healthy
2026-02-13 17:38:26.722825,38.47,91.33,healthy
2026-02-13 17:43:26.722825,38.54,84.73,healthy
2026-02-13 17:48:26.722825,38.16,83.58,healthy
2026-02-13 17:53:26.722825,38.61,130.79,stress
2026-02-13 17:58:26.722825,38.64,85.51,healthy
2026-02-13 18:03:26.722825,38.36,91.67,healthy
2026-02-13 18:08:26.722825,38.22,95.44,healthy
2026-02-13 18:13:26.722825,38.68,91.91,healthy
2026-02-13 18:18:26.722825,38.26,91.66,healthy
2026-02-13 18:23:26.722825,38.73,86.99,healthy
2026-02-13 18:28:26.722825,38.64,72.16,healthy
2026-02-13 18:33:26.722825,38.55,105.58,stress
2026-02-13 18:38:26.722825,38.54,83.66,healthy
2026-02-13 18:43:26.722825,38.22,79.96,healthy
2026-02-13 18:48:26.722825,38.35,92.54,healthy
2026-02-13 18:53:26.722825,38.79,89.29,healthy
2026-02-13 18:58:26.722825,38.19,90.59,healthy
2026-02-13 19:03:26.722825,38.7,87.19,healthy
2026-02-13 19:08:26.722825,38.47,80.12,healthy
2026-02-13 19:13:26.722825,38.36,93.29,healthy
2026-02-13 19:18:26.722825,38.29,73.58,healthy
2026-02-13 19:23:26.722825,38.57,82.08,healthy
2026-02-13 19:28:26.722825,38.7,84.32,healthy
2026-02-13 19:33:26.722825,38.23,86.98,healthy
2026-02-13 19:38:26.722825,38.4,82.07,healthy
2026-02-13 19:43:26.722825,38.21,85.74,healthy
2026-02-13 19:48:26.722825,38.51,94.84,healthy
2026-02-13 19:53:26.722825,38.54,87.73,healthy
2026-02-13 19:58:26.722825,38.47,91.37,healthy
2026-02-13 20:03:26.722825,38.83,73.29,healthy
2026-02-13 20:08:26.722825,38.69,87.13,healthy
2026-02-13 20:13:26.722825,38.86,81.13,healthy
2026-02-13 20:18:26.722825,38.03,73.22,healthy
2026-02-13 20:23:26.722825,39.81,99.98,fever
2026-02-13 20:28:26.722825,38.51,69.83,healthy
2026-02-13 20:33:26.722825,38.31,93.08,healthy
2026-02-13 20:38:26.722825,38.32,76.73,healthy
2026-02-13 20:43:26.722825,38.7,80.82,healthy
2026-02-13 20:48:26.722825,38.6,87.17,healthy
2026-02-13 20:53:26.722825,39.73,116.86,fever
2026-02-13 20:58:26.722825,38.39,83.31,healthy
2026-02-13 21:03:26.722825,38.31,85.14,healthy
2026-02-13 21:08:26.722825,38.54,119.23,stress
2026-02-13 21:13:26.722825,38.58,78.01,healthy
2026-02-13 21:18:26.722825,38.62,83.82,healthy
2026-02-13 21:23:26.722825,38.37,79.24,healthy
2026-02-13 21:28:26.722825,38.27,90.21,healthy
2026-02-13 21:33:26.722825,38.66,82.9,healthy
2026-02-13 21:38:26.722825,38.51,143.89,stress
2026-02-13 21:43:26.722825,38.48,123.11,stress
2026-02-13 21:48:26.722825,38.57,93.01,healthy
2026-02-13 21:53:26.722825,38.21,80.39,healthy
2026-02-13 21:58:26.722825,38.5,82.23,healthy
2026-02-13 22:03:26.722825,38.49,81.22,healthy
2026-02-13 22:08:26.722825,38.62,92.56,healthy
2026-02-13 22:13:26.722825,38.7,112.36,stress
2026-02-13 22:18:26.722825,38.49,83.31,healthy
2026-02-13 22:23:26.722825,38.49,89.29,healthy
2026-02-13 22:28:26.722825,38.72,133.3,stress
2026-02-13 22:33:26.722825,38.69,83.23,healthy
2026-02-13 22:38:26.722825,38.67,76.27,healthy
2026-02-13 22:43:26.722825,40.0,108.51,fever
2026-02-13 22:48:26.722825,39.5,111.73,fever
2026-02-13 22:53:26.722825,38.87,82.86,healthy
2026-02-13 22:58:26.722825,38.64,88.38,healthy
2026-02-13 23:03:26.722825,39.58,112.33,fever
2026-02-13 23:08:26.722825,38.52,83.88,healthy
2026-02-13 23:13:26.722825,39.24,111.41,fever
2026-02-13 23:18:26.722825,38.69,79.23,healthy
2026-02-13 23:23:26.722825,38.49,88.61,healthy
2026-02-13 23:28:26.722825,38.89,88.57,healthy
2026-02-13 23:33:26.722825,38.49,110.91,stress
2026-02-13 23:38:26.722825,39.81,112.87,fever
2026-02-13 23:43:26.722825,38.25,92.45,healthy
2026-02-13 23:48:26.722825,39.95,107.48,fever
2026-02-13 23:53:26.722825,38.63,122.28,stress
2026-02-13 23:58:26.722825,38.53,129.62,stress
2026-02-14 00:03:26.722825,39.7,108.17,fever
2026-02-14 00:08:26.722825,38.43,84.95,healthy
2026-02-14 00:13:26.722825,38.06,77.31,healthy
2026-02-14 00:18:26.722825,38.5,83.98,healthy
2026-02-14 00:23:26.722825,38.36,92.63,healthy
2026-02-14 00:28:26.722825,38.32,90.02,healthy
2026-02-14 00:33:26.722825,38.73,132.94,stress
2026-02-14 00:38:26.722825,38.31,87.85,healthy
2026-02-14 00:43:26.722825,39.64,108.5,fever
2026-02-14 00:48:26.722825,38.7,104.33,stress
2026-02-14 00:53:26.722825,38.3,82.88,healthy
2026-02-14 00:58:26.722825,38.41,111.48,stress
2026-02-14 01:03:26.722825,38.69,80.14,healthy
2026-02-14 01:08:26.722825,38.37,82.12,healthy
2026-02-14 01:13:26.722825,38.64,82.61,healthy
2026-02-14 01:18:26.722825,38.35,90.81,healthy
2026-02-14 01:23:26.722825,39.65,110.19,fever
2026-02-14 01:28:26.722825,38.4,82.01,healthy
2026-02-14 01:33:26.722825,38.4,86.51,healthy
2026-02-14 01:38:26.722825,38.62,77.81,healthy
2026-02-14 01:43:26.722825,38.46,84.77,healthy
2026-02-14 01:48:26.722825,38.35,85.37,healthy
2026-02-14 01:53:26.722825,39.35,115.42,fever
2026-02-14 01:58:26.722825,38.14,85.92,healthy
2026-02-14 02:03:26.722825,38.57,85.83,healthy
2026-02-14 02:08:26.722825,40.07,99.91,fever
2026-02-14 02:13:26.722825,38.55,84.07,healthy
2026-02-14 02:18:26.722825,39.6,116.96,fever
2026-02-14 02:23:26.722825,39.82,119.18,fever
2026-02-14 02:28:26.722825,39.61,110.0,fever
2026-02-14 02:33:26.722825,38.27,94.55,healthy
2026-02-14 02:38:26.722825,38.74,84.11,healthy
2026-02-14 02:43:26.722825,38.47,81.37,healthy
2026-02-14 02:48:26.722825,38.28,89.61,healthy
2026-02-14 02:53:26.722825,38.61,85.59,healthy
2026-02-14 02:58:26.722825,39.56,109.17,fever
2026-02-14 03:03:26.722825,38.4,79.96,healthy
2026-02-14 03:08:26.722825,38.38,91.27,healthy
2026-02-14 03:13:26.722825,38.51,97.87,healthy
2026-02-14 03:18:26.722825,38.39,92.19,healthy
2026-02-14 03:23:26.722825,38.53,82.0,healthy
2026-02-14 03:28:26.722825,40.09,110.35,fever
2026-02-14 03:33:26.722825,38.72,126.14,stress
2026-02-14 03:38:26.722825,38.35,85.01,healthy
2026-02-14 03:43:26.722825,38.51,81.78,healthy
2026-02-14 03:48:26.722825,38.53,89.0,healthy
2026-02-14 03:53:26.722825,38.75,87.28,healthy
2026-02-14 03:58:26.722825,38.67,83.42,healthy
2026-02-14 04:03:26.722825,38.69,88.78,healthy
2026-02-14 04:08:26.722825,38.49,79.42,healthy
2026-02-14 04:13:26.722825,38.55,83.6,healthy
2026-02-14 04:18:26.722825,38.71,81.77,healthy
2026-02-14 04:23:26.722825,38.47,92.9,healthy
2026-02-14 04:28:26.722825,38.52,76.39,healthy
2026-02-14 04:33:26.722825,38.28,76.94,healthy
2026-02-14 04:38:26.722825,38.75,118.65,stress
2026-02-14 04:43:26.722825,38.67,83.6,healthy
2026-02-14 04:48:26.722825,38.66,83.95,healthy
2026-02-14 04:53:26.722825,38.54,82.32,healthy
2026-02-14 04:58:26.722825,39.19,118.79,fever
2026-02-14 05:03:26.722825,38.58,90.51,healthy
2026-02-14 05:08:26.722825,38.52,87.97,healthy
2026-02-14 05:13:26.722825,38.45,135.31,stress
2026-02-14 05:18:26.722825,38.81,114.93,fever
2026-02-14 05:23:26.722825,38.62,121.45,stress
2026-02-14 05:28:26.722825,38.42,87.91,healthy
2026-02-14 05:33:26.722825,39.75,103.99,fever
2026-02-14 05:38:26.722825,39.7,119.9,fever
2026-02-14 05:43:26.722825,38.74,83.22,healthy
2026-02-14 05:48:26.722825,38.14,84.56,healthy
2026-02-14 05:53:26.722825,38.73,83.8,healthy
2026-02-14 05:58:26.722825,38.57,90.45,healthy
2026-02-14 06:03:26.722825,39.94,112.95,fever
2026-02-14 06:08:26.722825,38.17,88.34,healthy
2026-02-14 06:13:26.722825,38.76,81.98,healthy
2026-02-14 06:18:26.722825,38.71,86.81,healthy
2026-02-14 06:23:26.722825,38.52,82.36,healthy
2026-02-14 06:28:26.722825,38.65,87.95,healthy
2026-02-14 06:33:26.722825,39.5,102.85,fever
2026-02-14 06:38:26.722825,38.13,91.11,healthy
2026-02-14 06:43:26.722825,38.6,89.94,healthy
2026-02-14 06:48:26.722825,38.58,118.46,stress
2026-02-14 06:53:26.722825,39.53,102.23,fever
2026-02-14 06:58:26.722825,38.53,87.72,healthy
2026-02-14 07:03:26.722825,38.45,84.76,healthy
2026-02-14 07:08:26.722825,38.52,90.09,healthy
2026-02-14 07:13:26.722825,38.66,89.62,healthy
2026-02-14 07:18:26.722825,39.57,102.44,fever
2026-02-14 07:23:26.722825,38.22,86.43,healthy
2026-02-14 07:28:26.722825,38.22,87.08,healthy
2026-02-14 07:33:26.722825,38.82,97.45,healthy
2026-02-14 07:38:26.722825,38.23,90.91,healthy
2026-02-14 07:43:26.722825,38.52,83.73,healthy
2026-02-14 07:48:26.722825,38.41,88.72,healthy
2026-02-14 07:53:26.722825,38.32,89.63,healthy
2026-02-14 07:58:26.722825,38.68,118.09,stress
2026-02-14 08:03:26.722825,38.35,82.61,healthy
2026-02-14 08:08:26.722825,38.51,125.02,stress
2026-02-14 08:13:26.722825,38.35,83.19,healthy
2026-02-14 08:18:26.722825,38.52,92.13,healthy
2026-02-14 08:23:26.722825,38.34,81.12,healthy
2026-02-14 08:28:26.722825,38.45,88.64,healthy
2026-02-14 08:33:26.722825,38.51,87.82,healthy
2026-02-14 08:38:26.722825,39.08,84.7,healthy
2026-02-14 08:43:26.722825,39.73,112.55,fever
2026-02-14 08:48:26.722825,38.56,83.54,healthy
2026-02-14 08:53:26.722825,38.61,83.15,healthy
2026-02-14 08:58:26.722825,39.6,109.88,fever
2026-02-14 09:03:26.722825,38.74,128.38,stress
2026-02-14 09:08:26.722825,38.28,85.06,healthy
2026-02-14 09:13:26.722825,38.69,82.68,healthy
2026-02-14 09:18:26.722825,38.41,140.88,stress
2026-02-14 09:23:26.722825,38.52,82.62,healthy
2026-02-14 09:28:26.722825,38.77,84.15,healthy
2026-02-14 09:33:26.722825,38.39,90.74,healthy
2026-02-14 09:38:26.722825,38.39,85.94,healthy
2026-02-14 09:43:26.722825,39.78,121.98,fever
2026-02-14 09:48:26.722825,38.52,147.17,stress
2026-02-14 09:53:26.722825,38.44,117.83,stress
2026-02-14 09:58:26.722825,40.22,109.89,fever
2026-02-14 10:03:26.722825,38.66,89.88,healthy
2026-02-14 10:08:26.722825,38.59,83.06,healthy
2026-02-14 10:13:26.722825,38.45,82.15,healthy
2026-02-14 10:18:26.722825,38.56,75.1,healthy
2026-02-14 10:23:26.722825,39.89,110.02,fever
2026-02-14 10:28:26.722825,39.52,106.16,fever
2026-02-14 10:33:26.722825,40.0,106.74,fever
2026-02-14 10:38:26.722825,38.53,86.31,healthy
2026-02-14 10:43:26.722825,38.57,82.57,healthy
2026-02-14 10:48:26.722825,38.42,93.24,healthy
2026-02-14 10:53:26.722825,38.78,80.04,healthy
2026-02-14 10:58:26.722825,38.42,92.71,healthy
2026-02-14 11:03:26.722825,38.7,81.46,healthy
2026-02-14 11:08:26.722825,38.82,134.44,stress
2026-02-14 11:13:26.722825,38.27,81.29,healthy
2026-02-14 11:18:26.722825,38.35,85.95,healthy
2026-02-14 11:23:26.722825,38.53,136.04,stress
2026-02-14 11:28:26.722825,38.17,78.74,healthy
2026-02-14 11:33:26.722825,38.47,84.89,healthy
2026-02-14 11:38:26.722825,38.18,79.71,healthy
2026-02-14 11:43:26.722825,39.8,113.48,fever
2026-02-14 11:48:26.722825,38.24,83.4,healthy
2026-02-14 11:53:26.722825,38.52,93.47,healthy
2026-02-14 11:58:26.722825,38.41,85.0,healthy
2026-02-14 12:03:26.722825,38.28,83.96,healthy
2026-02-14 12:08:26.722825,38.4,80.08,healthy
2026-02-14 12:13:26.722825,38.29,84.95,healthy
2026-02-14 12:18:26.722825,38.4,81.82,healthy
2026-02-14 12:23:26.722825,38.77,90.43,healthy
2026-02-14 12:28:26.722825,38.46,88.0,healthy
2026-02-14 12:33:26.722825,38.46,84.83,healthy
2026-02-14 12:38:26.722825,38.57,119.61,stress
2026-02-14 12:43:26.722825,38.2,88.73,healthy
2026-02-14 12:48:26.722825,38.33,88.04,healthy
2026-02-14 12:53:26.722825,38.5,88.49,healthy
2026-02-14 12:58:26.722825,38.36,78.39,healthy
2026-02-14 13:03:26.722825,38.28,75.01,healthy
2026-02-14 13:08:26.722825,39.65,102.17,fever
2026-02-14 13:13:26.722825,38.63,135.81,stress
2026-02-14 13:18:26.722825,38.57,120.54,stress
2026-02-14 13:23:26.722825,38.18,82.59,healthy
2026-02-14 13:28:26.722825,38.59,74.55,healthy
2026-02-14 13:33:26.722825,38.29,81.06,healthy
2026-02-14 13:38:26.722825,38.45,78.55,healthy
2026-02-14 13:43:26.722825,39.53,108.01,fever
2026-02-14 13:48:26.722825,38.38,83.79,healthy
2026-02-14 13:53:26.722825,38.55,93.07,healthy
2026-02-14 13:58:26.722825,38.21,87.39,healthy
2026-02-14 14:03:26.722825,38.88,80.4,healthy
2026-02-14 14:08:26.722825,38.37,83.4,healthy
2026-02-14 14:13:26.722825,38.5,85.88,healthy
2026-02-14 14:18:26.722825,38.7,132.73,stress
2026-02-14 14:23:26.722825,38.69,82.59,healthy
2026-02-14 14:28:26.722825,39.27,108.82,fever
2026-02-14 14:33:26.722825,38.52,89.06,healthy
2026-02-14 14:38:26.722825,38.56,85.23,healthy
2026-02-14 14:43:26.722825,38.72,78.96,healthy
2026-02-14 14:48:26.722825,37.98,84.15,healthy
2026-02-14 14:53:26.722825,38.39,82.62,healthy
2026-02-14 14:58:26.722825,38.63,138.69,stress
2026-02-14 15:03:26.722825,38.55,83.68,healthy
2026-02-14 15:08:26.722825,38.45,85.0,healthy
2026-02-14 15:13:26.722825,39.92,110.8,fever
2026-02-14 15:18:26.722825,38.71,82.9,healthy
2026-02-14 15:23:26.722825,38.48,127.35,stress
2026-02-14 15:28:26.722825,39.54,111.99,fever
2026-02-14 15:33:26.722825,39.8,110.48,fever
2026-02-14 15:38:26.722825,39.56,103.09,fever
2026-02-14 15:43:26.722825,38.5,83.95,healthy
2026-02-14 15:48:26.722825,38.68,79.37,healthy
2026-02-14 15:53:26.722825,38.77,81.95,healthy
2026-02-14 15:58:26.722825,39.38,105.23,fever
2026-02-14 16:03:26.722825,38.54,87.04,healthy
2026-02-14 16:08:26.722825,38.1,86.51,healthy
2026-02-14 16:13:26.722825,38.56,88.96,healthy
2026-02-14 16:18:26.722825,38.49,82.06,healthy
2026-02-14 16:23:26.722825,39.83,110.1,fever
2026-02-14 16:28:26.722825,38.65,83.07,healthy
2026-02-14 16:33:26.722825,38.31,70.64,healthy
2026-02-14 16:38:26.722825,38.5,87.5,healthy
2026-02-14 16:43:26.722825,38.55,94.23,healthy
2026-02-14 16:48:26.722825,39.81,110.86,fever
2026-02-14 16:53:26.722825,38.97,94.86,healthy
2026-02-14 16:58:26.722825,38.47,84.69,healthy
2026-02-14 17:03:26.722825,38.51,87.06,healthy
2026-02-14 17:08:26.722825,38.35,89.14,healthy
2026-02-14 17:13:26.722825,38.31,83.45,healthy
2026-02-14 17:18:26.722825,38.67,97.25,healthy
2026-02-14 17:23:26.722825,38.21,74.67,healthy
2026-02-14 17:28:26.722825,38.22,86.86,healthy
2026-02-14 17:33:26.722825,38.86,78.79,healthy
2026-02-14 17:38:26.722825,39.47,108.29,fever
2026-02-14 17:43:26.722825,38.69,87.62,healthy
2026-02-14 17:48:26.722825,38.23,90.3,healthy
2026-02-14 17:53:26.722825,38.19,84.67,healthy
2026-02-14 17:58:26.722825,38.73,83.18,healthy
2026-02-14 18:03:26.722825,38.82,78.52,healthy
2026-02-14 18:08:26.722825,38.59,87.39,healthy
2026-02-14 18:13:26.722825,38.54,144.63,stress
2026-02-14 18:18:26.722825,38.63,78.93,healthy
2026-02-14 18:23:26.722825,39.92,103.34,fever
2026-02-14 18:28:26.722825,38.32,85.72,healthy
2026-02-14 18:33:26.722825,38.66,83.95,healthy
2026-02-14 18:38:26.722825,38.68,95.4,healthy
2026-02-14 18:43:26.722825,38.62,115.23,stress
2026-02-14 18:48:26.722825,38.52,86.87,healthy
2026-02-14 18:53:26.722825,39.74,121.11,fever
2026-02-14 18:58:26.722825,39.94,109.84,fever
2026-02-14 19:03:26.722825,39.57,107.55,fever
2026-02-14 19:08:26.722825,38.71,139.34,stress
2026-02-14 19:13:26.722825,38.43,92.12,healthy
2026-02-14 19:18:26.722825,38.69,138.56,stress
2026-02-14 19:23:26.722825,38.67,109.85,stress
2026-02-14 19:28:26.722825,38.35,85.15,healthy
2026-02-14 19:33:26.722825,38.4,86.15,healthy
2026-02-14 19:38:26.722825,38.38,88.2,healthy
2026-02-14 19:43:26.722825,38.74,76.08,healthy
2026-02-14 19:48:26.722825,38.74,82.98,healthy
2026-02-14 19:53:26.722825,38.12,89.74,healthy
2026-02-14 19:58:26.722825,38.47,77.16,healthy
2026-02-14 20:03:26.722825,38.73,119.19,stress
2026-02-14 20:08:26.722825,38.53,97.89,healthy
2026-02-14 20:13:26.722825,38.25,78.24,healthy
2026-02-14 20:18:26.722825,38.41,91.74,healthy
2026-02-14 20:23:26.722825,38.36,78.7,healthy
2026-02-14 20:28:26.722825,38.53,92.95,healthy
2026-02-14 20:33:26.722825,38.36,85.82,healthy
2026-02-14 20:38:26.722825,39.33,114.14,fever
2026-02-14 20:43:26.722825,38.4,85.81,healthy
2026-02-14 20:48:26.722825,38.3,86.26,healthy
2026-02-14 20:53:26.722825,38.58,96.06,healthy
2026-02-14 20:58:26.722825,39.32,104.18,fever
2026-02-14 21:03:26.722825,38.47,80.41,healthy
2026-02-14 21:08:26.722825,39.51,102.0,fever
2026-02-14 21:13:26.722825,38.81,80.86,healthy
2026-02-14 21:18:26.722825,38.28,84.29,healthy
2026-02-14 21:23:26.722825,38.29,92.12,healthy
2026-02-14 21:28:26.722825,38.22,81.44,healthy
2026-02-14 21:33:26.722825,38.2,80.54,healthy
2026-02-14 21:38:26.722825,38.42,90.18,healthy
2026-02-14 21:43:26.722825,38.6,89.0,healthy
2026-02-14 21:48:26.722825,38.15,87.5,healthy
2026-02-14 21:53:26.722825,38.17,95.28,healthy
2026-02-14 21:58:26.722825,38.58,86.76,healthy
2026-02-14 22:03:26.722825,37.97,84.02,healthy
2026-02-14 22:08:26.722825,38.34,85.83,healthy
2026-02-14 22:13:26.722825,38.36,90.66,healthy
2026-02-14 22:18:26.722825,38.63,81.37,healthy
2026-02-14 22:23:26.722825,38.74,133.68,stress
2026-02-14 22:28:26.722825,38.24,86.71,healthy
2026-02-14 22:33:26.722825,38.55,140.68,stress
2026-02-14 22:38:26.722825,38.52,81.13,healthy
2026-02-14 22:43:26.722825,39.58,106.78,fever
2026-02-14 22:48:26.722825,39.61,108.29,fever
2026-02-14 22:53:26.722825,38.43,83.31,healthy
2026-02-14 22:58:26.722825,38.46,85.12,healthy
2026-02-14 23:03:26.722825,38.75,82.68,healthy
2026-02-14 23:08:26.722825,38.25,88.14,healthy
2026-02-14 23:13:26.722825,39.06,79.62,healthy
2026-02-14 23:18:26.722825,38.31,88.9,healthy
2026-02-14 23:23:26.722825,39.71,105.69,fever
2026-02-14 23:28:26.722825,39.7,111.59,fever
2026-02-14 23:33:26.722825,40.23,101.87,fever
2026-02-14 23:38:26.722825,38.5,88.28,healthy
2026-02-14 23:43:26.722825,39.57,111.53,fever
2026-02-14 23:48:26.722825,38.25,89.6,healthy
2026-02-14 23:53:26.722825,38.5,126.27,stress
2026-02-14 23:58:26.722825,38.57,83.14,healthy
2026-02-15 00:03:26.722825,38.56,76.34,healthy
2026-02-15 00:08:26.722825,38.61,92.33,healthy
2026-02-15 00:13:26.722825,38.25,78.14,healthy
2026-02-15 00:18:26.722825,38.49,82.09,healthy
2026-02-15 00:23:26.722825,38.61,86.03,healthy
2026-02-15 00:28:26.722825,38.59,129.13,stress
2026-02-15 00:33:26.722825,38.63,85.35,healthy
2026-02-15 00:38:26.722825,38.56,85.19,healthy
2026-02-15 00:43:26.722825,39.35,114.97,fever
2026-02-15 00:48:26.722825,38.4,87.48,healthy
2026-02-15 00:53:26.722825,39.91,115.4,fever
2026-02-15 00:58:26.722825,38.51,90.55,healthy
2026-02-15 01:03:26.722825,40.14,103.91,fever
2026-02-15 01:08:26.722825,38.63,78.96,healthy
2026-02-15 01:13:26.722825,38.54,87.13,healthy
2026-02-15 01:18:26.722825,38.42,90.72,healthy
2026-02-15 01:23:26.722825,38.43,75.69,healthy
2026-02-15 01:28:26.722825,38.41,75.11,healthy
2026-02-15 01:33:26.722825,38.61,78.15,healthy
2026-02-15 01:38:26.722825,38.16,69.51,healthy
2026-02-15 01:43:26.722825,38.29,81.45,healthy
2026-02-15 01:48:26.722825,39.01,78.32,healthy
2026-02-15 01:53:26.722825,38.71,86.3,healthy
2026-02-15 01:58:26.722825,38.09,84.7,healthy
2026-02-15 02:03:26.722825,39.88,107.92,fever
2026-02-15 02:08:26.722825,38.61,136.32,stress
2026-02-15 02:13:26.722825,38.49,88.41,healthy
2026-02-15 02:18:26.722825,38.58,81.12,healthy
2026-02-15 02:23:26.722825,39.63,110.9,fever
2026-02-15 02:28:26.722825,38.19,79.56,healthy
2026-02-15 02:33:26.722825,38.34,78.14,healthy
2026-02-15 02:38:26.722825,38.6,86.1,healthy
2026-02-15 02:43:26.722825,38.17,79.53,healthy
2026-02-15 02:48:26.722825,38.63,78.59,healthy
2026-02-15 02:53:26.722825,39.55,116.33,fever
2026-02-15 02:58:26.722825,39.4,109.67,fever
2026-02-15 03:03:26.722825,38.86,86.64,healthy
2026-02-15 03:08:26.722825,38.5,87.66,healthy
2026-02-15 03:13:26.722825,38.36,88.79,healthy
2026-02-15 03:18:26.722825,38.79,76.18,healthy
2026-02-15 03:23:26.722825,38.45,77.6,healthy
2026-02-15 03:28:26.722825,38.66,79.98,healthy
2026-02-15 03:33:26.722825,38.33,82.4,healthy
2026-02-15 03:38:26.722825,38.66,80.67,healthy
2026-02-15 03:43:26.722825,38.58,98.36,healthy
2026-02-15 03:48:26.722825,39.71,108.92,fever
2026-02-15 03:53:26.722825,39.23,110.48,fever
2026-02-15 03:58:26.722825,38.54,88.69,healthy
2026-02-15 04:03:26.722825,38.6,85.16,healthy
2026-02-15 04:08:26.722825,38.4,76.61,healthy
2026-02-15 04:13:26.722825,38.48,132.95,stress
2026-02-15 04:18:26.722825,38.62,83.53,healthy
2026-02-15 04:23:26.722825,38.56,73.37,healthy
2026-02-15 04:28:26.722825,38.4,86.33,healthy
2026-02-15 04:33:26.722825,38.36,108.59,stress
2026-02-15 04:38:26.722825,38.46,90.38,healthy
2026-02-15 04:43:26.722825,38.48,87.86,healthy
2026-02-15 04:48:26.722825,40.61,107.55,fever
2026-02-15 04:53:26.722825,38.6,82.87,healthy
2026-02-15 04:58:26.722825,38.39,81.11,healthy
2026-02-15 05:03:26.722825,38.45,88.74,healthy
2026-02-15 05:08:26.722825,38.71,91.29,healthy
2026-02-15 05:13:26.722825,38.16,89.68,healthy
2026-02-15 05:18:26.722825,39.65,112.9,fever
2026-02-15 05:23:26.722825,38.7,89.51,healthy
2026-02-15 05:28:26.722825,38.38,78.91,healthy
2026-02-15 05:33:26.722825,38.58,82.18,healthy
2026-02-15 05:38:26.722825,38.56,79.36,healthy
2026-02-15 05:43:26.722825,38.66,142.41,stress
2026-02-15 05:48:26.722825,38.64,121.77,stress
2026-02-15 05:53:26.722825,38.22,80.44,healthy
2026-02-15 05:58:26.722825,38.3,82.19,healthy
2026-02-15 06:03:26.722825,38.31,84.97,healthy
2026-02-15 06:08:26.722825,38.4,81.49,healthy
2026-02-15 06:13:26.722825,38.43,86.61,healthy
2026-02-15 06:18:26.722825,38.49,88.44,healthy
2026-02-15 06:23:26.722825,39.4,112.11,fever
2026-02-15 06:28:26.722825,38.75,84.43,healthy
2026-02-15 06:33:26.722825,38.52,79.62,healthy
2026-02-15 06:38:26.722825,38.4,90.68,healthy
2026-02-15 06:43:26.722825,38.63,88.5,healthy
2026-02-15 06:48:26.722825,39.54,106.59,fever
2026-02-15 06:53:26.722825,38.29,94.93,healthy
2026-02-15 06:58:26.722825,38.26,83.82,healthy
2026-02-15 07:03:26.722825,38.39,92.02,healthy
2026-02-15 07:08:26.722825,40.1,107.56,fever
2026-02-15 07:13:26.722825,37.97,79.94,healthy
2026-02-15 07:18:26.722825,38.72,79.24,healthy
2026-02-15 07:23:26.722825,38.5,85.85,healthy
2026-02-15 07:28:26.722825,38.55,84.98,healthy
2026-02-15 07:33:26.722825,40.12,120.38,fever
2026-02-15 07:38:26.722825,38.59,75.76,healthy
2026-02-15 07:43:26.722825,38.28,81.51,healthy
2026-02-15 07:48:26.722825,38.52,79.2,healthy
2026-02-15 07:53:26.722825,38.49,84.18,healthy
2026-02-15 07:58:26.722825,38.72,89.11,healthy
2026-02-15 08:03:26.722825,38.43,89.13,healthy
2026-02-15 08:08:26.722825,38.48,88.38,healthy
2026-02-15 08:13:26.722825,38.56,91.01,healthy
2026-02-15 08:18:26.722825,39.51,108.24,fever
2026-02-15 08:23:26.722825,38.58,75.72,healthy
2026-02-15 08:28:26.722825,39.78,105.63,fever
2026-02-15 08:33:26.722825,38.39,89.22,healthy
2026-02-15 08:38:26.722825,39.19,109.46,fever
2026-02-15 08:43:26.722825,38.67,88.12,healthy
2026-02-15 08:48:26.722825,38.37,80.44,healthy
2026-02-15 08:53:26.722825,38.71,129.11,stress
2026-02-15 08:58:26.722825,39.96,107.62,fever
2026-02-15 09:03:26.722825,39.71,117.39,fever
2026-02-15 09:08:26.722825,38.39,80.14,healthy
2026-02-15 09:13:26.722825,38.32,77.96,healthy
2026-02-15 09:18:26.722825,38.24,83.45,healthy
2026-02-15 09:23:26.722825,38.15,85.2,healthy
2026-02-15 09:28:26.722825,38.63,89.53,healthy
2026-02-15 09:33:26.722825,39.76,109.41,fever
2026-02-15 09:38:26.722825,38.71,99.73,healthy
2026-02-15 09:43:26.722825,38.52,78.58,healthy
2026-02-15 09:48:26.722825,38.67,87.17,healthy
2026-02-15 09:53:26.722825,39.78,113.4,fever
2026-02-15 09:58:26.722825,38.22,80.38,healthy
2026-02-15 10:03:26.722825,39.86,102.2,fever
2026-02-15 10:08:26.722825,38.33,76.81,healthy
2026-02-15 10:13:26.722825,38.48,85.31,healthy
2026-02-15 10:18:26.722825,38.6,87.69,healthy
2026-02-15 10:23:26.722825,38.75,112.88,fever
2026-02-15 10:28:26.722825,38.65,94.65,healthy
2026-02-15 10:33:26.722825,38.76,88.67,healthy
2026-02-15 10:38:26.722825,38.63,84.09,healthy
2026-02-15 10:43:26.722825,38.22,87.83,healthy
2026-02-15 10:48:26.722825,38.6,85.81,healthy
2026-02-15 10:53:26.722825,38.88,85.32,healthy
2026-02-15 10:58:26.722825,38.58,83.14,healthy
2026-02-15 11:03:26.722825,38.4,89.44,healthy
2026-02-15 11:08:26.722825,39.92,105.23,fever
2026-02-15 11:13:26.722825,39.69,106.8,fever
2026-02-15 11:18:26.722825,38.64,84.65,healthy
2026-02-15 11:23:26.722825,38.15,88.26,healthy
2026-02-15 11:28:26.722825,38.31,86.16,healthy
2026-02-15 11:33:26.722825,38.24,91.37,healthy
2026-02-15 11:38:26.722825,38.69,77.65,healthy
2026-02-15 11:43:26.722825,38.66,115.01,stress
2026-02-15 11:48:26.722825,38.67,124.1,stress
2026-02-15 11:53:26.722825,38.4,88.46,healthy
2026-02-15 11:58:26.722825,38.32,81.27,healthy
2026-02-15 12:03:26.722825,38.76,81.35,healthy
2026-02-15 12:08:26.722825,38.21,81.68,healthy
2026-02-15 12:13:26.722825,38.77,85.74,healthy
2026-02-15 12:18:26.722825,38.4,79.2,healthy
2026-02-15 12:23:26.722825,38.35,83.7,healthy
2026-02-15 12:28:26.722825,38.37,80.59,healthy
2026-02-15 12:33:26.722825,40.12,115.13,fever
2026-02-15 12:38:26.722825,38.46,87.48,healthy
2026-02-15 12:43:26.722825,38.48,84.31,healthy
2026-02-15 12:48:26.722825,38.26,89.62,healthy
2026-02-15 12:53:26.722825,38.68,130.83,stress
2026-02-15 12:58:26.722825,38.45,91.4,healthy
2026-02-15 13:03:26.722825,38.34,78.75,healthy
2026-02-15 13:08:26.722825,38.34,89.37,healthy
2026-02-15 13:13:26.722825,38.53,88.04,healthy
2026-02-15 13:18:26.722825,38.84,82.29,healthy
2026-02-15 13:23:26.722825,39.6,108.28,fever
2026-02-15 13:28:26.722825,38.49,88.31,healthy
2026-02-15 13:33:26.722825,38.73,90.02,healthy
2026-02-15 13:38:26.722825,38.3,86.72,healthy
2026-02-15 13:43:26.722825,38.55,80.26,healthy
2026-02-15 13:48:26.722825,38.65,95.2,healthy
2026-02-15 13:53:26.722825,38.37,71.94,healthy
2026-02-15 13:58:26.722825,38.29,85.14,healthy
2026-02-15 14:03:26.722825,38.32,92.64,healthy
2026-02-15 14:08:26.722825,38.24,76.94,healthy
2026-02-15 14:13:26.722825,38.35,82.15,healthy
2026-02-15 14:18:26.722825,38.6,81.59,healthy
2026-02-15 14:23:26.722825,38.31,80.21,healthy
2026-02-15 14:28:26.722825,38.48,78.6,healthy
2026-02-15 14:33:26.722825,38.59,123.35,stress
2026-02-15 14:38:26.722825,38.39,117.43,stress
2026-02-15 14:43:26.722825,38.62,87.49,healthy
2026-02-15 14:48:26.722825,38.96,74.97,healthy
2026-02-15 14:53:26.722825,38.7,95.85,healthy
2026-02-15 14:58:26.722825,38.7,81.99,healthy
2026-02-15 15:03:26.722825,38.57,94.25,healthy
2026-02-15 15:08:26.722825,38.62,82.26,healthy
2026-02-15 15:13:26.722825,38.72,90.16,healthy
2026-02-15 15:18:26.722825,38.53,91.56,healthy
2026-02-15 15:23:26.722825,38.42,86.76,healthy
2026-02-15 15:28:26.722825,38.32,85.71,healthy
2026-02-15 15:33:26.722825,38.11,80.46,healthy
2026-02-15 15:38:26.722825,38.44,84.04,healthy
2026-02-15 15:43:26.722825,38.47,82.05,healthy
2026-02-15 15:48:26.722825,38.15,92.96,healthy
2026-02-15 15:53:26.722825,38.76,89.06,healthy
2026-02-15 15:58:26.722825,38.45,94.27,healthy
2026-02-15 16:03:26.722825,38.25,87.82,healthy
2026-02-15 16:08:26.722825,39.1,108.75,fever
2026-02-15 16:13:26.722825,38.49,76.99,healthy
2026-02-15 16:18:26.722825,38.69,80.84,healthy
2026-02-15 16:23:26.722825,38.7,128.95,stress
2026-02-15 16:28:26.722825,38.38,82.39,healthy
2026-02-15 16:33:26.722825,38.62,89.88,healthy
2026-02-15 16:38:26.722825,38.92,90.16,healthy
2026-02-15 16:43:26.722825,38.18,80.37,healthy
2026-02-15 16:48:26.722825,38.35,88.19,healthy
2026-02-15 16:53:26.722825,38.73,84.46,healthy
2026-02-15 16:58:26.722825,39.53,106.53,fever
2026-02-15 17:03:26.722825,39.37,111.14,fever
2026-02-15 17:08:26.722825,39.55,111.13,fever
2026-02-15 17:13:26.722825,38.51,83.15,healthy
2026-02-15 17:18:26.722825,38.72,88.43,healthy
2026-02-15 17:23:26.722825,38.72,88.06,healthy
2026-02-15 17:28:26.722825,38.44,82.32,healthy
2026-02-15 17:33:26.722825,38.62,81.12,healthy
2026-02-15 17:38:26.722825,39.49,118.83,fever
2026-02-15 17:43:26.722825,38.4,84.99,healthy
2026-02-15 17:48:26.722825,39.58,109.11,fever
2026-02-15 17:53:26.722825,38.32,87.01,healthy
2026-02-15 17:58:26.722825,38.55,81.77,healthy
2026-02-15 18:03:26.722825,38.28,93.12,healthy
2026-02-15 18:08:26.722825,38.44,85.41,healthy
2026-02-15 18:13:26.722825,38.48,91.5,healthy
2026-02-15 18:18:26.722825,38.69,92.66,healthy
2026-02-15 18:23:26.722825,37.92,83.15,healthy
2026-02-15 18:28:26.722825,38.19,79.7,healthy
2026-02-15 18:33:26.722825,38.55,87.85,healthy
2026-02-15 18:38:26.722825,38.6,87.12,healthy
2026-02-15 18:43:26.722825,38.45,71.72,healthy
2026-02-15 18:48:26.722825,38.31,90.49,healthy
2026-02-15 18:53:26.722825,40.16,104.19,fever
2026-02-15 18:58:26.722825,38.48,81.84,healthy
2026-02-15 19:03:26.722825,38.43,125.2,stress
2026-02-15 19:08:26.722825,38.39,89.19,healthy
2026-02-15 19:13:26.722825,38.21,89.23,healthy
2026-02-15 19:18:26.722825,38.76,125.19,stress
2026-02-15 19:23:26.722825,38.52,86.99,healthy
2026-02-15 19:28:26.722825,39.93,104.34,fever
2026-02-15 19:33:26.722825,38.49,77.73,healthy
2026-02-15 19:38:26.722825,38.72,88.15,healthy
2026-02-15 19:43:26.722825,38.39,90.82,healthy
2026-02-15 19:48:26.722825,38.52,91.74,healthy
2026-02-15 19:53:26.722825,38.56,81.28,healthy
2026-02-15 19:58:26.722825,38.63,84.74,healthy
2026-02-15 20:03:26.722825,38.68,79.71,healthy
2026-02-15 20:08:26.722825,38.68,90.52,healthy
2026-02-15 20:13:26.722825,38.4,80.96,healthy
2026-02-15 20:18:26.722825,40.05,112.26,fever
2026-02-15 20:23:26.722825,38.29,86.05,healthy
2026-02-15 20:28:26.722825,38.58,83.11,healthy
2026-02-15 20:33:26.722825,38.53,116.64,stress
2026-02-15 20:38:26.722825,38.27,88.45,healthy
2026-02-15 20:43:26.722825,38.72,134.74,stress
2026-02-15 20:48:26.722825,38.4,81.11,healthy
2026-02-15 20:53:26.722825,38.46,119.22,stress
2026-02-15 20:58:26.722825,38.35,76.11,healthy
2026-02-15 21:03:26.722825,37.97,84.2,healthy
2026-02-15 21:08:26.722825,38.62,78.52,healthy
2026-02-15 21:13:26.722825,38.23,87.28,healthy
2026-02-15 21:18:26.722825,38.45,79.06,healthy
2026-02-15 21:23:26.722825,38.4,86.16,healthy
2026-02-15 21:28:26.722825,38.56,118.34,stress
2026-02-15 21:33:26.722825,38.49,83.43,healthy
2026-02-15 21:38:26.722825,38.26,80.98,healthy
2026-02-15 21:43:26.722825,39.87,112.1,fever
2026-02-15 21:48:26.722825,38.42,87.57,healthy
2026-02-15 21:53:26.722825,38.26,77.18,healthy
2026-02-15 21:58:26.722825,38.75,82.59,healthy
2026-02-15 22:03:26.722825,38.28,82.59,healthy
2026-02-15 22:08:26.722825,38.47,80.39,healthy
2026-02-15 22:13:26.722825,38.68,91.7,healthy
2026-02-15 22:18:26.722825,38.64,111.84,stress
2026-02-15 22:23:26.722825,40.23,117.63,fever
2026-02-15 22:28:26.722825,38.66,130.19,stress
2026-02-15 22:33:26.722825,38.66,76.85,healthy
2026-02-15 22:38:26.722825,38.73,94.09,healthy
2026-02-15 22:43:26.722825,38.52,95.68,healthy
2026-02-15 22:48:26.722825,39.87,110.02,fever
2026-02-15 22:53:26.722825,39.74,120.68,fever
2026-02-15 22:58:26.722825,39.46,115.35,fever
2026-02-15 23:03:26.722825,40.0,101.04,fever
2026-02-15 23:08:26.722825,38.69,86.62,healthy
2026-02-15 23:13:26.722825,38.33,75.02,healthy
2026-02-15 23:18:26.722825,38.36,83.07,healthy
2026-02-15 23:23:26.722825,38.67,155.9,stress
2026-02-15 23:28:26.722825,38.64,93.64,healthy
2026-02-15 23:33:26.722825,38.54,109.55,stress
2026-02-15 23:38:26.722825,38.56,120.09,stress
2026-02-15 23:43:26.722825,38.32,75.28,healthy
2026-02-15 23:48:26.722825,38.61,120.73,stress
2026-02-15 23:53:26.722825,38.7,83.03,healthy
2026-02-15 23:58:26.722825,38.59,76.51,healthy
2026-02-16 00:03:26.722825,38.52,88.52,healthy
2026-02-16 00:08:26.722825,38.58,85.53,healthy
2026-02-16 00:13:26.722825,38.61,85.04,healthy
2026-02-16 00:18:26.722825,38.74,81.23,healthy
2026-02-16 00:23:26.722825,39.87,108.62,fever
2026-02-16 00:28:26.722825,38.62,87.92,healthy
2026-02-16 00:33:26.722825,38.46,84.16,healthy
2026-02-16 00:38:26.722825,38.7,86.53,healthy
2026-02-16 00:43:26.722825,39.17,116.64,fever
2026-02-16 00:48:26.722825,38.31,87.07,healthy
2026-02-16 00:53:26.722825,38.48,127.2,stress
2026-02-16 00:58:26.722825,39.72,115.15,fever
2026-02-16 01:03:26.722825,38.32,93.54,healthy
2026-02-16 01:08:26.722825,38.47,87.91,healthy
2026-02-16 01:13:26.722825,38.4,88.8,healthy
2026-02-16 01:18:26.722825,38.1,87.15,healthy
2026-02-16 01:23:26.722825,38.58,131.5,stress
2026-02-16 01:28:26.722825,38.46,86.54,healthy
2026-02-16 01:33:26.722825,38.48,127.01,stress
2026-02-16 01:38:26.722825,38.52,87.43,healthy
2026-02-16 01:43:26.722825,39.37,107.81,fever
2026-02-16 01:48:26.722825,38.91,91.7,healthy
2026-02-16 01:53:26.722825,38.64,130.4,stress
2026-02-16 01:58:26.722825,39.47,110.91,fever
2026-02-16 02:03:26.722825,38.61,76.08,healthy
2026-02-16 02:08:26.722825,37.95,93.26,healthy
2026-02-16 02:13:26.722825,38.5,85.81,healthy
2026-02-16 02:18:26.722825,38.81,82.46,healthy
2026-02-16 02:23:26.722825,38.67,127.21,stress
2026-02-16 02:28:26.722825,38.49,84.73,healthy
2026-02-16 02:33:26.722825,38.3,83.0,healthy
2026-02-16 02:38:26.722825,38.69,89.5,healthy
2026-02-16 02:43:26.722825,38.24,84.29,healthy
2026-02-16 02:48:26.722825,38.48,115.56,stress
2026-02-16 02:53:26.722825,38.76,83.07,healthy
2026-02-16 02:58:26.722825,38.65,113.35,stress
2026-02-16 03:03:26.722825,38.44,86.51,healthy
2026-02-16 03:08:26.722825,38.63,81.35,healthy
2026-02-16 03:13:26.722825,39.79,102.93,fever
2026-02-16 03:18:26.722825,38.44,85.4,healthy
2026-02-16 03:23:26.722825,38.71,92.38,healthy
2026-02-16 03:28:26.722825,38.37,81.74,healthy
2026-02-16 03:33:26.722825,38.46,87.27,healthy
2026-02-16 03:38:26.722825,38.14,89.96,healthy
2026-02-16 03:43:26.722825,39.48,107.42,fever
2026-02-16 03:48:26.722825,38.46,84.45,healthy
2026-02-16 03:53:26.722825,38.44,123.77,stress
2026-02-16 03:58:26.722825,38.52,82.07,healthy
2026-02-16 04:03:26.722825,38.77,86.92,healthy
2026-02-16 04:08:26.722825,38.31,83.0,healthy
2026-02-16 04:13:26.722825,38.97,86.96,healthy
2026-02-16 04:18:26.722825,38.47,85.19,healthy
2026-02-16 04:23:26.722825,38.8,79.9,healthy
2026-02-16 04:28:26.722825,39.88,110.87,fever
2026-02-16 04:33:26.722825,38.72,137.09,stress
2026-02-16 04:38:26.722825,38.85,90.47,healthy
2026-02-16 04:43:26.722825,38.37,83.34,healthy
2026-02-16 04:48:26.722825,38.42,89.9,healthy
2026-02-16 04:53:26.722825,38.81,91.36,healthy
2026-02-16 04:58:26.722825,38.71,86.16,healthy
2026-02-16 05:03:26.722825,38.6,85.92,healthy
2026-02-16 05:08:26.722825,38.74,88.58,healthy
2026-02-16 05:13:26.722825,38.34,85.92,healthy
2026-02-16 05:18:26.722825,38.19,86.32,healthy
2026-02-16 05:23:26.722825,38.69,93.05,healthy
2026-02-16 05:28:26.722825,38.28,85.57,healthy
2026-02-16 05:33:26.722825,38.5,85.69,healthy
2026-02-16 05:38:26.722825,38.66,85.78,healthy
2026-02-16 05:43:26.722825,39.69,98.25,fever
2026-02-16 05:48:26.722825,38.86,91.36,healthy
2026-02-16 05:53:26.722825,39.68,114.26,fever
2026-02-16 05:58:26.722825,39.94,120.03,fever
2026-02-16 06:03:26.722825,38.55,125.38,stress
2026-02-16 06:08:26.722825,39.77,110.14,fever
2026-02-16 06:13:26.722825,38.65,89.5,healthy
2026-02-16 06:18:26.722825,38.69,131.83,stress
2026-02-16 06:23:26.722825,40.14,111.86,fever
2026-02-16 06:28:26.722825,38.73,85.95,healthy
2026-02-16 06:33:26.722825,38.55,85.61,healthy
2026-02-16 06:38:26.722825,38.45,92.36,healthy
2026-02-16 06:43:26.722825,40.02,105.08,fever
2026-02-16 06:48:26.722825,38.84,81.49,healthy
2026-02-16 06:53:26.722825,39.54,112.86,fever
2026-02-16 06:58:26.722825,38.24,78.99,healthy
2026-02-16 07:03:26.722825,38.28,87.29,healthy
2026-02-16 07:08:26.722825,38.73,76.37,healthy
2026-02-16 07:13:26.722825,38.62,81.56,healthy
2026-02-16 07:18:26.722825,38.6,93.94,healthy
2026-02-16 07:23:26.722825,39.92,108.97,fever
2026-02-16 07:28:26.722825,38.61,125.17,stress
2026-02-16 07:33:26.722825,38.3,77.01,healthy
2026-02-16 07:38:26.722825,38.37,79.46,healthy
2026-02-16 07:43:26.722825,38.76,85.47,healthy
2026-02-16 07:48:26.722825,38.25,77.74,healthy
2026-02-16 07:53:26.722825,38.88,78.89,healthy
2026-02-16 07:58:26.722825,38.37,80.56,healthy
2026-02-16 08:03:26.722825,38.23,85.43,healthy
2026-02-16 08:08:26.722825,38.69,80.19,healthy
2026-02-16 08:13:26.722825,38.66,134.6,stress
2026-02-16 08:18:26.722825,38.52,93.44,healthy
2026-02-16 08:23:26.722825,38.82,88.42,healthy
2026-02-16 08:28:26.722825,38.37,81.22,healthy
2026-02-16 08:33:26.722825,39.71,100.03,fever
2026-02-16 08:38:26.722825,38.78,77.06,healthy
2026-02-16 08:43:26.722825,39.45,98.94,fever
2026-02-16 08:48:26.722825,38.43,90.64,healthy
2026-02-16 08:53:26.722825,38.24,82.26,healthy
2026-02-16 08:58:26.722825,38.41,84.45,healthy
2026-02-16 09:03:26.722825,38.4,91.32,healthy
2026-02-16 09:08:26.722825,38.42,89.61,healthy
2026-02-16 09:13:26.722825,39.86,108.38,fever
2026-02-16 09:18:26.722825,38.51,87.93,healthy
2026-02-16 09:23:26.722825,38.59,77.77,healthy
2026-02-16 09:28:26.722825,38.79,83.73,healthy
2026-02-16 09:33:26.722825,38.34,87.49,healthy
2026-02-16 09:38:26.722825,38.36,85.24,healthy
2026-02-16 09:43:26.722825,38.55,88.9,healthy
2026-02-16 09:48:26.722825,38.5,79.7,healthy
2026-02-16 09:53:26.722825,38.71,87.58,healthy
2026-02-16 09:58:26.722825,38.64,94.12,healthy
2026-02-16 10:03:26.722825,38.56,79.34,healthy
2026-02-16 10:08:26.722825,38.33,88.31,healthy
2026-02-16 10:13:26.722825,38.79,83.2,healthy
2026-02-16 10:18:26.722825,38.09,89.53,healthy
2026-02-16 10:23:26.722825,39.76,101.2,fever
2026-02-16 10:28:26.722825,38.47,87.53,healthy
2026-02-16 10:33:26.722825,38.66,80.71,healthy
2026-02-16 10:38:26.722825,38.4,83.03,healthy
2026-02-16 10:43:26.722825,38.46,80.85,healthy
2026-02-16 10:48:26.722825,38.33,87.65,healthy
2026-02-16 10:53:26.722825,38.63,86.83,healthy
2026-02-16 10:58:26.722825,38.33,85.45,healthy
2026-02-16 11:03:26.722825,38.14,79.93,healthy
2026-02-16 11:08:26.722825,38.43,87.02,healthy
2026-02-16 11:13:26.722825,38.61,84.49,healthy
2026-02-16 11:18:26.722825,38.31,79.56,healthy
2026-02-16 11:23:26.722825,38.23,77.27,healthy
2026-02-16 11:28:26.722825,38.42,81.49,healthy
2026-02-16 11:33:26.722825,38.39,82.5,healthy
2026-02-16 11:38:26.722825,38.51,89.05,healthy
2026-02-16 11:43:26.722825,38.38,80.2,healthy
2026-02-16 11:48:26.722825,38.58,86.52,healthy
2026-02-16 11:53:26.722825,38.29,77.05,healthy
2026-02-16 11:58:26.722825,38.61,123.3,stress
2026-02-16 12:03:26.722825,38.67,128.83,stress
2026-02-16 12:08:26.722825,38.69,83.29,healthy
2026-02-16 12:13:26.722825,38.35,93.28,healthy
2026-02-16 12:18:26.722825,38.73,92.56,healthy
2026-02-16 12:23:26.722825,38.87,75.24,healthy
2026-02-16 12:28:26.722825,38.78,80.6,healthy
2026-02-16 12:33:26.722825,38.32,80.53,healthy
2026-02-16 12:38:26.722825,38.73,89.33,healthy
2026-02-16 12:43:26.722825,38.73,83.92,healthy
2026-02-16 12:48:26.722825,37.9,77.4,healthy
2026-02-16 12:53:26.722825,38.58,86.9,healthy
2026-02-16 12:58:26.722825,38.24,89.74,healthy
2026-02-16 13:03:26.722825,38.53,110.74,stress
2026-02-16 13:08:26.722825,38.56,87.87,healthy
2026-02-16 13:13:26.722825,38.77,81.67,healthy
2026-02-16 13:18:26.722825,38.38,74.33,healthy
2026-02-16 13:23:26.722825,39.26,111.24,fever
2026-02-16 13:28:26.722825,38.57,98.14,healthy
2026-02-16 13:33:26.722825,38.34,80.32,healthy
2026-02-16 13:38:26.722825,38.56,79.82,healthy
2026-02-16 13:43:26.722825,38.66,119.82,stress
2026-02-16 13:48:26.722825,38.37,80.82,healthy
2026-02-16 13:53:26.722825,38.54,86.3,healthy
2026-02-16 13:58:26.722825,38.64,116.38,stress
2026-02-16 14:03:26.722825,38.31,84.24,healthy
2026-02-16 14:08:26.722825,40.2,114.72,fever
2026-02-16 14:13:26.722825,38.23,81.48,healthy
2026-02-16 14:18:26.722825,38.59,117.25,stress
2026-02-16 14:23:26.722825,38.51,89.51,healthy
2026-02-16 14:28:26.722825,38.5,90.22,healthy
2026-02-16 14:33:26.722825,38.64,81.17,healthy
2026-02-16 14:38:26.722825,38.85,88.57,healthy
2026-02-16 14:43:26.722825,38.62,117.09,stress
2026-02-16 14:48:26.722825,38.37,81.25,healthy
2026-02-16 14:53:26.722825,38.57,80.41,healthy
2026-02-16 14:58:26.722825,38.44,83.31,healthy
2026-02-16 15:03:26.722825,38.61,78.85,healthy
2026-02-16 15:08:26.722825,38.4,83.51,healthy
2026-02-16 15:13:26.722825,38.29,87.59,healthy
2026-02-16 15:18:26.722825,38.38,77.34,healthy
2026-02-16 15:23:26.722825,38.38,95.28,healthy
2026-02-16 15:28:26.722825,38.93,89.09,healthy
2026-02-16 15:33:26.722825,38.76,119.56,stress
2026-02-16 15:38:26.722825,38.51,75.62,healthy
2026-02-16 15:43:26.722825,38.11,80.8,healthy
2026-02-16 15:48:26.722825,38.19,84.42,healthy
2026-02-16 15:53:26.722825,38.46,85.72,healthy
2026-02-16 15:58:26.722825,39.53,99.37,fever
2026-02-16 16:03:26.722825,38.64,85.16,healthy
2026-02-16 16:08:26.722825,38.47,89.45,healthy
2026-02-16 16:13:26.722825,38.68,90.48,healthy
2026-02-16 16:18:26.722825,38.7,91.4,healthy
2026-02-16 16:23:26.722825,38.38,85.05,healthy
2026-02-16 16:28:26.722825,38.43,77.4,healthy
2026-02-16 16:33:26.722825,38.33,82.96,healthy
2026-02-16 16:38:26.722825,38.69,117.39,stress
2026-02-16 16:43:26.722825,38.53,91.33,healthy
2026-02-16 16:48:26.722825,38.64,137.93,stress
2026-02-16 16:53:26.722825,38.2,85.36,healthy
2026-02-16 16:58:26.722825,40.21,113.04,fever
2026-02-16 17:03:26.722825,38.54,85.59,healthy
2026-02-16 17:08:26.722825,38.63,84.51,healthy
2026-02-16 17:13:26.722825,38.49,78.19,healthy
2026-02-16 17:18:26.722825,38.66,137.15,stress
2026-02-16 17:23:26.722825,38.27,79.88,healthy
2026-02-16 17:28:26.722825,38.76,92.27,healthy
2026-02-16 17:33:26.722825,38.49,83.89,healthy
2026-02-16 17:38:26.722825,38.26,83.05,healthy
2026-02-16 17:43:26.722825,38.15,86.59,healthy
2026-02-16 17:48:26.722825,39.86,117.62,fever
2026-02-16 17:53:26.722825,40.27,114.58,fever
2026-02-16 17:58:26.722825,38.52,87.69,healthy
2026-02-16 18:03:26.722825,38.66,84.11,healthy
2026-02-16 18:08:26.722825,38.62,113.43,stress
2026-02-16 18:13:26.722825,38.09,83.01,healthy
2026-02-16 18:18:26.722825,38.42,143.74,stress
2026-02-16 18:23:26.722825,38.28,77.55,healthy
2026-02-16 18:28:26.722825,38.73,87.87,healthy
2026-02-16 18:33:26.722825,38.5,83.62,healthy
2026-02-16 18:38:26.722825,40.31,109.51,fever
2026-02-16 18:43:26.722825,38.66,87.4,healthy
2026-02-16 18:48:26.722825,38.42,80.19,healthy
2026-02-16 18:53:26.722825,38.48,83.08,healthy
2026-02-16 18:58:26.722825,38.36,84.17,healthy
2026-02-16 19:03:26.722825,38.71,112.82,stress
2026-02-16 19:08:26.722825,38.59,86.75,healthy
2026-02-16 19:13:26.722825,38.49,82.72,healthy
2026-02-16 19:18:26.722825,38.56,87.93,healthy
2026-02-16 19:23:26.722825,38.71,77.17,healthy
2026-02-16 19:28:26.722825,38.37,76.4,healthy
2026-02-16 19:33:26.722825,38.32,81.19,healthy
2026-02-16 19:38:26.722825,40.16,105.38,fever
2026-02-16 19:43:26.722825,38.4,81.2,healthy
2026-02-16 19:48:26.722825,38.7,85.06,healthy
2026-02-16 19:53:26.722825,39.56,119.0,fever
2026-02-16 19:58:26.722825,38.81,88.15,healthy
2026-02-16 20:03:26.722825,38.37,79.8,healthy
2026-02-16 20:08:26.722825,38.34,94.63,healthy
2026-02-16 20:13:26.722825,38.42,87.69,healthy
2026-02-16 20:18:26.722825,40.04,115.85,fever
2026-02-16 20:23:26.722825,38.68,88.0,healthy
2026-02-16 20:28:26.722825,38.52,121.02,stress
2026-02-16 20:33:26.722825,38.65,86.92,healthy
2026-02-16 20:38:26.722825,38.55,86.71,healthy
2026-02-16 20:43:26.722825,39.77,112.34,fever
2026-02-16 20:48:26.722825,38.47,81.16,healthy
2026-02-16 20:53:26.722825,38.5,87.51,healthy
2026-02-16 20:58:26.722825,38.3,86.0,healthy
2026-02-16 21:03:26.722825,38.52,136.59,stress
2026-02-16 21:08:26.722825,39.53,98.46,fever
2026-02-16 21:13:26.722825,38.69,116.12,stress
2026-02-16 21:18:26.722825,38.73,79.47,healthy
2026-02-16 21:23:26.722825,38.49,80.82,healthy
2026-02-16 21:28:26.722825,38.18,84.65,healthy
2026-02-16 21:33:26.722825,38.46,82.26,healthy
2026-02-16 21:38:26.722825,38.51,89.66,healthy
2026-02-16 21:43:26.722825,40.11,117.07,fever
2026-02-16 21:48:26.722825,38.48,87.99,healthy
2026-02-16 21:53:26.722825,38.68,83.83,healthy
2026-02-16 21:58:26.722825,38.71,82.39,healthy
2026-02-16 22:03:26.722825,38.71,87.87,healthy
2026-02-16 22:08:26.722825,38.15,82.13,healthy
2026-02-16 22:13:26.722825,38.96,87.41,healthy
2026-02-16 22:18:26.722825,38.72,88.94,healthy
2026-02-16 22:23:26.722825,39.78,119.82,fever
2026-02-16 22:28:26.722825,38.44,87.74,healthy
2026-02-16 22:33:26.722825,38.69,114.51,stress
2026-02-16 22:38:26.722825,38.67,87.23,healthy
2026-02-16 22:43:26.722825,38.22,98.85,healthy
2026-02-16 22:48:26.722825,38.17,82.13,healthy
2026-02-16 22:53:26.722825,38.52,136.54,stress
2026-02-16 22:58:26.722825,38.42,138.99,stress
2026-02-16 23:03:26.722825,38.64,112.65,stress
2026-02-16 23:08:26.722825,38.47,90.39,healthy
2026-02-16 23:13:26.722825,38.71,93.08,healthy
2026-02-16 23:18:26.722825,38.14,83.46,healthy
2026-02-16 23:23:26.722825,38.65,89.79,healthy
2026-02-16 23:28:26.722825,38.52,90.49,healthy
2026-02-16 23:33:26.722825,39.73,107.68,fever
2026-02-16 23:38:26.722825,38.47,80.53,healthy
2026-02-16 23:43:26.722825,38.94,90.43,healthy
2026-02-16 23:48:26.722825,38.4,85.22,healthy
2026-02-16 23:53:26.722825,38.75,85.04,healthy
2026-02-16 23:58:26.722825,38.33,81.46,healthy
2026-02-17 00:03:26.722825,39.73,107.59,fever
2026-02-17 00:08:26.722825,40.23,115.73,fever
2026-02-17 00:13:26.722825,38.69,86.35,healthy
2026-02-17 00:18:26.722825,38.76,88.76,healthy
2026-02-17 00:23:26.722825,38.19,90.47,healthy
2026-02-17 00:28:26.722825,40.23,110.86,fever
2026-02-17 00:33:26.722825,38.98,87.45,healthy
2026-02-17 00:38:26.722825,38.58,86.65,healthy
2026-02-17 00:43:26.722825,38.41,96.08,healthy
2026-02-17 00:48:26.722825,39.47,107.33,fever
2026-02-17 00:53:26.722825,38.62,85.66,healthy
2026-02-17 00:58:26.722825,38.82,95.37,healthy
2026-02-17 01:03:26.722825,39.59,110.67,fever
2026-02-17 01:08:26.722825,40.39,116.79,fever
2026-02-17 01:13:26.722825,38.57,127.17,stress
2026-02-17 01:18:26.722825,38.67,84.84,healthy
2026-02-17 01:23:26.722825,39.99,115.05,fever
2026-02-17 01:28:26.722825,38.52,91.72,healthy
2026-02-17 01:33:26.722825,38.41,86.28,healthy
2026-02-17 01:38:26.722825,38.66,84.31,healthy
2026-02-17 01:43:26.722825,38.75,87.31,healthy
2026-02-17 01:48:26.722825,38.49,83.84,healthy
2026-02-17 01:53:26.722825,38.63,82.57,healthy
2026-02-17 01:58:26.722825,38.51,84.64,healthy
2026-02-17 02:03:26.722825,39.49,105.36,fever
2026-02-17 02:08:26.722825,38.27,78.0,healthy
2026-02-17 02:13:26.722825,39.21,113.51,fever
2026-02-17 02:18:26.722825,38.78,112.28,stress
2026-02-17 02:23:26.722825,38.37,89.09,healthy
2026-02-17 02:28:26.722825,39.61,106.5,fever
2026-02-17 02:33:26.722825,38.0,84.52,healthy
2026-02-17 02:38:26.722825,38.08,82.95,healthy
2026-02-17 02:43:26.722825,38.14,85.24,healthy
2026-02-17 02:48:26.722825,38.42,80.16,healthy
2026-02-17 02:53:26.722825,38.65,84.01,healthy
2026-02-17 02:58:26.722825,38.58,81.99,healthy
2026-02-17 03:03:26.722825,38.8,94.03,healthy
2026-02-17 03:08:26.722825,38.92,83.17,healthy
2026-02-17 03:13:26.722825,38.55,79.38,healthy
2026-02-17 03:18:26.722825,39.5,113.71,fever
2026-02-17 03:23:26.722825,38.88,84.73,healthy
2026-02-17 03:28:26.722825,38.65,97.42,healthy
2026-02-17 03:33:26.722825,38.42,89.16,healthy
2026-02-17 03:38:26.722825,38.4,92.3,healthy
2026-02-17 03:43:26.722825,38.53,78.39,healthy
2026-02-17 03:48:26.722825,38.27,91.2,healthy
2026-02-17 03:53:26.722825,38.47,87.89,healthy
2026-02-17 03:58:26.722825,39.0,80.34,healthy
2026-02-17 04:03:26.722825,38.59,140.97,stress
2026-02-17 04:08:26.722825,38.34,86.46,healthy
2026-02-17 04:13:26.722825,38.71,82.17,healthy
2026-02-17 04:18:26.722825,38.78,126.85,stress
2026-02-17 04:23:26.722825,38.89,84.8,healthy
2026-02-17 04:28:26.722825,38.87,88.14,healthy
2026-02-17 04:33:26.722825,38.52,78.72,healthy
2026-02-17 04:38:26.722825,38.55,80.53,healthy
2026-02-17 04:43:26.722825,38.62,79.92,healthy
2026-02-17 04:48:26.722825,38.58,112.5,stress
2026-02-17 04:53:26.722825,38.6,143.56,stress
2026-02-17 04:58:26.722825,38.48,87.63,healthy
2026-02-17 05:03:26.722825,38.31,76.04,healthy
2026-02-17 05:08:26.722825,38.77,86.88,healthy
2026-02-17 05:13:26.722825,38.56,76.21,healthy
2026-02-17 05:18:26.722825,38.41,88.56,healthy
2026-02-17 05:23:26.722825,38.47,93.48,healthy
2026-02-17 05:28:26.722825,38.02,87.08,healthy
2026-02-17 05:33:26.722825,39.63,106.94,fever
2026-02-17 05:38:26.722825,38.79,79.01,healthy
2026-02-17 05:43:26.722825,39.48,103.17,fever
2026-02-17 05:48:26.722825,38.54,80.62,healthy
2026-02-17 05:53:26.722825,38.31,91.25,healthy
2026-02-17 05:58:26.722825,38.65,91.53,healthy
2026-02-17 06:03:26.722825,38.37,90.47,healthy
2026-02-17 06:08:26.722825,38.55,84.35,healthy
2026-02-17 06:13:26.722825,38.44,89.72,healthy
2026-02-17 06:18:26.722825,38.57,85.03,healthy
2026-02-17 06:23:26.722825,39.61,109.81,fever
2026-02-17 06:28:26.722825,38.47,87.97,healthy
2026-02-17 06:33:26.722825,38.42,83.41,healthy
2026-02-17 06:38:26.722825,39.85,107.84,fever
2026-02-17 06:43:26.722825,38.57,81.95,healthy
2026-02-17 06:48:26.722825,38.5,79.68,healthy
2026-02-17 06:53:26.722825,38.31,80.17,healthy
2026-02-17 06:58:26.722825,38.55,80.57,healthy
2026-02-17 07:03:26.722825,38.22,86.4,healthy
2026-02-17 07:08:26.722825,38.34,90.15,healthy
2026-02-17 07:13:26.722825,38.72,86.0,healthy
2026-02-17 07:18:26.722825,38.49,88.48,healthy
2026-02-17 07:23:26.722825,38.57,89.33,healthy
2026-02-17 07:28:26.722825,38.58,86.03,healthy
2026-02-17 07:33:26.722825,38.2,84.13,healthy
2026-02-17 07:38:26.722825,38.19,86.96,healthy
2026-02-17 07:43:26.722825,39.74,109.41,fever
2026-02-17 07:48:26.722825,38.46,72.89,healthy
2026-02-17 07:53:26.722825,38.74,122.3,stress
2026-02-17 07:58:26.722825,38.29,83.6,healthy
2026-02-17 08:03:26.722825,38.61,82.03,healthy
2026-02-17 08:08:26.722825,38.51,82.85,healthy
2026-02-17 08:13:26.722825,38.79,90.69,healthy
2026-02-17 08:18:26.722825,38.51,91.83,healthy
2026-02-17 08:23:26.722825,38.69,87.99,healthy
2026-02-17 08:28:26.722825,38.69,81.77,healthy
2026-02-17 08:33:26.722825,38.31,75.84,healthy
2026-02-17 08:38:26.722825,39.37,104.6,fever
2026-02-17 08:43:26.722825,38.16,85.34,healthy
2026-02-17 08:48:26.722825,38.68,82.4,healthy
2026-02-17 08:53:26.722825,38.34,90.18,healthy
2026-02-17 08:58:26.722825,38.17,82.51,healthy
2026-02-17 09:03:26.722825,38.47,80.46,healthy
2026-02-17 09:08:26.722825,38.32,87.63,healthy
2026-02-17 09:13:26.722825,38.66,86.21,healthy
2026-02-17 09:18:26.722825,38.77,81.78,healthy
2026-02-17 09:23:26.722825,38.67,78.72,healthy
2026-02-17 09:28:26.722825,40.03,101.68,fever
2026-02-17 09:33:26.722825,38.6,122.92,stress
2026-02-17 09:38:26.722825,38.08,87.82,healthy
2026-02-17 09:43:26.722825,39.9,100.1,fever
2026-02-17 09:48:26.722825,38.14,88.53,healthy
2026-02-17 09:53:26.722825,38.28,85.13,healthy
2026-02-17 09:58:26.722825,38.78,81.76,healthy
2026-02-17 10:03:26.722825,38.28,82.62,healthy
2026-02-17 10:08:26.722825,38.46,82.43,healthy
2026-02-17 10:13:26.722825,38.62,92.99,healthy
2026-02-17 10:18:26.722825,38.52,115.25,stress
2026-02-17 10:23:26.722825,38.51,86.55,healthy
2026-02-17 10:28:26.722825,39.53,110.94,fever
2026-02-17 10:33:26.722825,38.5,83.64,healthy
2026-02-17 10:38:26.722825,38.65,90.41,healthy
2026-02-17 10:43:26.722825,38.49,74.83,healthy
2026-02-17 10:48:26.722825,38.61,86.19,healthy
2026-02-17 10:53:26.722825,39.08,95.35,healthy
2026-02-17 10:58:26.722825,39.76,103.91,fever
2026-02-17 11:03:26.722825,38.28,87.93,healthy
2026-02-17 11:08:26.722825,38.86,91.45,healthy
2026-02-17 11:13:26.722825,39.64,112.56,fever
2026-02-17 11:18:26.722825,38.84,89.46,healthy
2026-02-17 11:23:26.722825,38.35,84.78,healthy
2026-02-17 11:28:26.722825,39.59,110.51,fever
2026-02-17 11:33:26.722825,38.71,86.6,healthy
2026-02-17 11:38:26.722825,38.59,82.43,healthy
2026-02-17 11:43:26.722825,38.63,82.02,healthy
2026-02-17 11:48:26.722825,38.59,78.24,healthy
2026-02-17 11:53:26.722825,38.31,84.45,healthy
2026-02-17 11:58:26.722825,39.97,104.53,fever
2026-02-17 12:03:26.722825,38.33,87.45,healthy
2026-02-17 12:08:26.722825,38.55,84.22,healthy
2026-02-17 12:13:26.722825,38.03,87.69,healthy
2026-02-17 12:18:26.722825,38.43,80.87,healthy
2026-02-17 12:23:26.722825,38.3,80.51,healthy
2026-02-17 12:28:26.722825,39.79,113.14,fever
2026-02-17 12:33:26.722825,38.09,91.0,healthy
2026-02-17 12:38:26.722825,38.57,119.74,stress
2026-02-17 12:43:26.722825,38.37,83.45,healthy
2026-02-17 12:48:26.722825,38.66,84.82,healthy
2026-02-17 12:53:26.722825,38.24,92.23,healthy
2026-02-17 12:58:26.722825,38.77,86.65,healthy
2026-02-17 13:03:26.722825,38.42,81.71,healthy
2026-02-17 13:08:26.722825,38.33,93.06,healthy
2026-02-17 13:13:26.722825,38.46,89.1,healthy
2026-02-17 13:18:26.722825,38.34,81.91,healthy
2026-02-17 13:23:26.722825,38.56,77.68,healthy
2026-02-17 13:28:26.722825,39.68,109.77,fever
2026-02-17 13:33:26.722825,38.52,101.64,stress
2026-02-17 13:38:26.722825,38.75,81.13,healthy
2026-02-17 13:43:26.722825,38.65,91.59,healthy
2026-02-17 13:48:26.722825,38.62,119.51,stress
2026-02-17 13:53:26.722825,38.45,83.92,healthy
2026-02-17 13:58:26.722825,38.34,74.78,healthy
2026-02-17 14:03:26.722825,39.36,114.93,fever
2026-02-17 14:08:26.722825,38.64,111.05,stress
2026-02-17 14:13:26.722825,38.76,85.46,healthy
2026-02-17 14:18:26.722825,38.62,85.71,healthy
2026-02-17 14:23:26.722825,39.01,75.94,healthy
2026-02-17 14:28:26.722825,38.36,85.11,healthy
2026-02-17 14:33:26.722825,39.98,111.5,fever
2026-02-17 14:38:26.722825,38.47,99.36,healthy
2026-02-17 14:43:26.722825,38.72,123.27,stress
2026-02-17 14:48:26.722825,38.44,89.44,healthy
2026-02-17 14:53:26.722825,38.69,80.04,healthy
2026-02-17 14:58:26.722825,38.6,84.54,healthy
2026-02-17 15:03:26.722825,38.42,81.11,healthy
2026-02-17 15:08:26.722825,38.85,81.37,healthy
2026-02-17 15:13:26.722825,38.32,85.23,healthy
2026-02-17 15:18:26.722825,38.1,80.77,healthy
2026-02-17 15:23:26.722825,40.06,103.87,fever
2026-02-17 15:28:26.722825,38.64,84.0,healthy
2026-02-17 15:33:26.722825,38.22,82.64,healthy
2026-02-17 15:38:26.722825,38.69,85.65,healthy
2026-02-17 15:43:26.722825,38.31,80.82,healthy
2026-02-17 15:48:26.722825,39.99,114.3,fever
2026-02-17 15:53:26.722825,39.46,109.79,fever
2026-02-17 15:58:26.722825,39.47,103.83,fever
2026-02-17 16:03:26.722825,38.48,84.45,healthy
2026-02-17 16:08:26.722825,38.35,85.74,healthy
2026-02-17 16:13:26.722825,38.65,84.01,healthy
2026-02-17 16:18:26.722825,39.83,110.37,fever
2026-02-17 16:23:26.722825,38.46,127.07,stress
2026-02-17 16:28:26.722825,39.55,109.44,fever
2026-02-17 16:33:26.722825,38.38,87.99,healthy
2026-02-17 16:38:26.722825,38.48,90.22,healthy
2026-02-17 16:43:26.722825,38.37,95.88,healthy
2026-02-17 16:48:26.722825,39.63,105.94,fever
2026-02-17 16:53:26.722825,38.38,95.69,healthy
2026-02-17 16:58:26.722825,38.65,84.1,healthy
2026-02-17 17:03:26.722825,38.76,87.75,healthy
2026-02-17 17:08:26.722825,38.73,90.12,healthy
2026-02-17 17:13:26.722825,38.53,81.02,healthy
2026-02-17 17:18:26.722825,38.48,76.44,healthy
2026-02-17 17:23:26.722825,38.49,74.06,healthy
2026-02-17 17:28:26.722825,38.42,86.2,healthy
2026-02-17 17:33:26.722825,38.88,80.11,healthy
2026-02-17 17:38:26.722825,38.32,85.63,healthy
2026-02-17 17:43:26.722825,39.4,109.92,fever
2026-02-17 17:48:26.722825,38.59,78.07,healthy
2026-02-17 17:53:26.722825,38.67,123.81,stress
2026-02-17 17:58:26.722825,38.53,81.76,healthy
2026-02-17 18:03:26.722825,40.04,101.81,fever
2026-02-17 18:08:26.722825,38.38,88.72,healthy
2026-02-17 18:13:26.722825,39.82,112.58,fever
2026-02-17 18:18:26.722825,38.57,87.44,healthy
2026-02-17 18:23:26.722825,37.98,84.65,healthy
2026-02-17 18:28:26.722825,38.68,81.69,healthy
2026-02-17 18:33:26.722825,38.61,126.62,stress
2026-02-17 18:38:26.722825,38.51,86.09,healthy
2026-02-17 18:43:26.722825,38.4,87.97,healthy
2026-02-17 18:48:26.722825,38.4,78.69,healthy
2026-02-17 18:53:26.722825,38.71,92.95,healthy
2026-02-17 18:58:26.722825,38.55,90.58,healthy
2026-02-17 19:03:26.722825,38.56,85.15,healthy
2026-02-17 19:08:26.722825,39.93,109.96,fever
2026-02-17 19:13:26.722825,38.58,88.36,healthy
2026-02-17 19:18:26.722825,38.77,82.58,healthy
2026-02-17 19:23:26.722825,38.59,84.89,healthy
2026-02-17 19:28:26.722825,39.5,109.76,fever
2026-02-17 19:33:26.722825,38.51,88.92,healthy
2026-02-17 19:38:26.722825,38.52,117.93,stress
2026-02-17 19:43:26.722825,38.63,110.74,stress
2026-02-17 19:48:26.722825,38.34,93.07,healthy
2026-02-17 19:53:26.722825,38.31,81.04,healthy
2026-02-17 19:58:26.722825,38.59,88.29,healthy
2026-02-17 20:03:26.722825,38.57,85.96,healthy
2026-02-17 20:08:26.722825,38.36,87.27,healthy
2026-02-17 20:13:26.722825,38.58,88.56,healthy
2026-02-17 20:18:26.722825,38.73,85.86,healthy
2026-02-17 20:23:26.722825,38.39,89.71,healthy
2026-02-17 20:28:26.722825,38.54,138.45,stress
2026-02-17 20:33:26.722825,38.2,83.87,healthy
2026-02-17 20:38:26.722825,38.55,115.37,stress
2026-02-17 20:43:26.722825,38.5,79.73,healthy
2026-02-17 20:48:26.722825,38.76,118.65,stress
2026-02-17 20:53:26.722825,39.57,115.03,fever
2026-02-17 20:58:26.722825,38.31,89.38,healthy
2026-02-17 21:03:26.722825,38.4,86.49,healthy
2026-02-17 21:08:26.722825,38.74,84.73,healthy
2026-02-17 21:13:26.722825,38.49,134.7,stress
2026-02-17 21:18:26.722825,39.42,113.33,fever
2026-02-17 21:23:26.722825,39.92,109.78,fever
2026-02-17 21:28:26.722825,39.63,103.91,fever
2026-02-17 21:33:26.722825,38.28,85.64,healthy
2026-02-17 21:38:26.722825,38.24,92.78,healthy
2026-02-17 21:43:26.722825,38.48,94.42,healthy
2026-02-17 21:48:26.722825,38.59,82.1,healthy
2026-02-17 21:53:26.722825,40.6,104.58,fever
2026-02-17 21:58:26.722825,38.17,83.52,healthy
2026-02-17 22:03:26.722825,38.87,79.76,healthy
2026-02-17 22:08:26.722825,38.69,88.45,healthy
2026-02-17 22:13:26.722825,38.72,79.0,healthy
2026-02-17 22:18:26.722825,38.65,124.86,stress
2026-02-17 22:23:26.722825,38.53,84.68,healthy
2026-02-17 22:28:26.722825,38.57,76.92,healthy
2026-02-17 22:33:26.722825,38.71,84.24,healthy
2026-02-17 22:38:26.722825,38.56,95.57,healthy
2026-02-17 22:43:26.722825,38.59,88.83,healthy
2026-02-17 22:48:26.722825,39.8,118.4,fever
2026-02-17 22:53:26.722825,38.53,125.83,stress
2026-02-17 22:58:26.722825,38.53,85.99,healthy
2026-02-17 23:03:26.722825,38.54,93.14,healthy
2026-02-17 23:08:26.722825,38.5,80.71,healthy
2026-02-17 23:13:26.722825,38.93,79.45,healthy
2026-02-17 23:18:26.722825,39.85,109.28,fever
2026-02-17 23:23:26.722825,38.32,80.68,healthy
2026-02-17 23:28:26.722825,38.54,86.33,healthy
2026-02-17 23:33:26.722825,38.78,91.72,healthy
2026-02-17 23:38:26.722825,38.37,86.94,healthy
2026-02-17 23:43:26.722825,38.49,85.35,healthy
2026-02-17 23:48:26.722825,38.75,90.31,healthy
2026-02-17 23:53:26.722825,38.55,92.25,healthy
2026-02-17 23:58:26.722825,38.39,75.72,healthy
2026-02-18 00:03:26.722825,38.31,85.33,healthy
2026-02-18 00:08:26.722825,38.75,88.99,healthy
2026-02-18 00:13:26.722825,38.1,86.92,healthy
2026-02-18 00:18:26.722825,38.57,75.33,healthy
2026-02-18 00:23:26.722825,38.79,84.41,healthy
2026-02-18 00:28:26.722825,38.4,91.81,healthy
2026-02-18 00:33:26.722825,38.72,118.61,stress
2026-02-18 00:38:26.722825,38.31,87.01,healthy
2026-02-18 00:43:26.722825,38.3,90.9,healthy
2026-02-18 00:48:26.722825,38.4,74.75,healthy
2026-02-18 00:53:26.722825,38.67,89.89,healthy
2026-02-18 00:58:26.722825,39.03,97.14,healthy
2026-02-18 01:03:26.722825,38.31,80.39,healthy
2026-02-18 01:08:26.722825,38.63,95.45,healthy
2026-02-18 01:13:26.722825,38.51,87.21,healthy
2026-02-18 01:18:26.722825,38.58,125.84,stress
2026-02-18 01:23:26.722825,38.27,76.37,healthy
2026-02-18 01:28:26.722825,38.06,81.11,healthy
2026-02-18 01:33:26.722825,38.75,85.88,healthy
2026-02-18 01:38:26.722825,38.66,132.75,stress
2026-02-18 01:43:26.722825,38.56,84.87,healthy
2026-02-18 01:48:26.722825,38.46,86.63,healthy
2026-02-18 01:53:26.722825,38.28,91.75,healthy
2026-02-18 01:58:26.722825,38.27,89.03,healthy
2026-02-18 02:03:26.722825,38.7,86.55,healthy
2026-02-18 02:08:26.722825,38.37,87.59,healthy
2026-02-18 02:13:26.722825,38.23,83.7,healthy
2026-02-18 02:18:26.722825,38.75,87.92,healthy
2026-02-18 02:23:26.722825,38.71,91.44,healthy
2026-02-18 02:28:26.722825,38.37,76.74,healthy
2026-02-18 02:33:26.722825,39.23,103.55,fever
2026-02-18 02:38:26.722825,38.64,87.26,healthy
2026-02-18 02:43:26.722825,38.65,85.03,healthy
2026-02-18 02:48:26.722825,38.62,78.99,healthy
2026-02-18 02:53:26.722825,38.34,86.14,healthy
2026-02-18 02:58:26.722825,38.37,79.99,healthy
2026-02-18 03:03:26.722825,38.61,86.02,healthy
2026-02-18 03:08:26.722825,38.4,85.05,healthy
2026-02-18 03:13:26.722825,38.62,94.57,healthy
2026-02-18 03:18:26.722825,39.51,116.12,fever
2026-02-18 03:23:26.722825,38.47,79.38,healthy
2026-02-18 03:28:26.722825,38.42,91.0,healthy
2026-02-18 03:33:26.722825,38.34,82.61,healthy
2026-02-18 03:38:26.722825,38.78,86.55,healthy
2026-02-18 03:43:26.722825,38.51,90.74,healthy
2026-02-18 03:48:26.722825,39.23,115.03,fever
2026-02-18 03:53:26.722825,38.57,82.33,healthy
2026-02-18 03:58:26.722825,39.84,105.38,fever
2026-02-18 04:03:26.722825,39.23,111.63,fever
2026-02-18 04:08:26.722825,38.27,89.66,healthy
2026-02-18 04:13:26.722825,38.39,88.41,healthy
2026-02-18 04:18:26.722825,39.82,107.85,fever
2026-02-18 04:23:26.722825,38.57,85.37,healthy
2026-02-18 04:28:26.722825,38.64,75.68,healthy
2026-02-18 04:33:26.722825,38.22,79.27,healthy
2026-02-18 04:38:26.722825,38.76,88.51,healthy
2026-02-18 04:43:26.722825,39.32,102.87,fever
2026-02-18 04:48:26.722825,38.43,83.16,healthy
2026-02-18 04:53:26.722825,38.49,86.49,healthy
2026-02-18 04:58:26.722825,38.96,97.88,healthy
2026-02-18 05:03:26.722825,38.87,86.67,healthy
2026-02-18 05:08:26.722825,38.5,79.76,healthy
2026-02-18 05:13:26.722825,38.49,82.84,healthy
2026-02-18 05:18:26.722825,38.18,89.45,healthy
2026-02-18 05:23:26.722825,38.32,85.59,healthy
2026-02-18 05:28:26.722825,38.07,85.2,healthy
2026-02-18 05:33:26.722825,38.41,92.0,healthy
2026-02-18 05:38:26.722825,38.49,88.46,healthy
2026-02-18 05:43:26.722825,38.17,91.44,healthy
2026-02-18 05:48:26.722825,38.3,82.47,healthy
2026-02-18 05:53:26.722825,38.49,84.67,healthy
2026-02-18 05:58:26.722825,38.75,92.93,healthy
2026-02-18 06:03:26.722825,38.24,80.59,healthy
2026-02-18 06:08:26.722825,38.64,88.27,healthy
2026-02-18 06:13:26.722825,38.63,83.56,healthy
2026-02-18 06:18:26.722825,38.68,81.64,healthy
2026-02-18 06:23:26.722825,38.71,86.46,healthy
2026-02-18 06:28:26.722825,39.42,110.58,fever
2026-02-18 06:33:26.722825,38.65,87.74,healthy
2026-02-18 06:38:26.722825,38.66,79.4,healthy
2026-02-18 06:43:26.722825,38.09,84.0,healthy
2026-02-18 06:48:26.722825,38.36,87.61,healthy
2026-02-18 06:53:26.722825,38.24,89.49,healthy
2026-02-18 06:58:26.722825,38.52,78.1,healthy
2026-02-18 07:03:26.722825,38.64,84.94,healthy
2026-02-18 07:08:26.722825,38.38,89.31,healthy
2026-02-18 07:13:26.722825,38.64,87.56,healthy
2026-02-18 07:18:26.722825,39.7,111.34,fever
2026-02-18 07:23:26.722825,38.7,125.46,stress
2026-02-18 07:28:26.722825,38.68,87.07,healthy
2026-02-18 07:33:26.722825,38.39,79.01,healthy
2026-02-18 07:38:26.722825,38.42,90.91,healthy
2026-02-18 07:43:26.722825,38.56,92.45,healthy
2026-02-18 07:48:26.722825,38.1,77.32,healthy
2026-02-18 07:53:26.722825,38.63,84.4,healthy
2026-02-18 07:58:26.722825,39.81,112.98,fever
2026-02-18 08:03:26.722825,38.57,76.39,healthy
2026-02-18 08:08:26.722825,38.56,118.65,stress
2026-02-18 08:13:26.722825,39.63,108.89,fever
2026-02-18 08:18:26.722825,38.54,82.45,healthy
2026-02-18 08:23:26.722825,38.28,84.85,healthy
2026-02-18 08:28:26.722825,38.72,80.16,healthy
2026-02-18 08:33:26.722825,38.48,88.28,healthy
2026-02-18 08:38:26.722825,38.55,86.09,healthy
2026-02-18 08:43:26.722825,38.42,77.05,healthy
2026-02-18 08:48:26.722825,38.24,77.9,healthy
2026-02-18 08:53:26.722825,38.71,137.72,stress
2026-02-18 08:58:26.722825,39.55,111.65,fever
2026-02-18 09:03:26.722825,38.85,84.24,healthy
2026-02-18 09:08:26.722825,39.79,101.16,fever
2026-02-18 09:13:26.722825,38.76,124.08,stress
2026-02-18 09:18:26.722825,38.6,82.69,healthy
2026-02-18 09:23:26.722825,38.46,80.19,healthy
2026-02-18 09:28:26.722825,38.35,89.43,healthy
2026-02-18 09:33:26.722825,38.84,93.12,healthy
2026-02-18 09:38:26.722825,38.51,87.96,healthy
2026-02-18 09:43:26.722825,38.26,79.98,healthy
2026-02-18 09:48:26.722825,38.44,77.63,healthy
2026-02-18 09:53:26.722825,40.09,111.09,fever
2026-02-18 09:58:26.722825,38.61,86.31,healthy
2026-02-18 10:03:26.722825,38.67,94.5,healthy
2026-02-18 10:08:26.722825,38.31,80.52,healthy
2026-02-18 10:13:26.722825,38.44,86.42,healthy
2026-02-18 10:18:26.722825,38.38,85.54,healthy
2026-02-18 10:23:26.722825,38.57,88.67,healthy
2026-02-18 10:28:26.722825,39.69,111.49,fever
2026-02-18 10:33:26.722825,38.56,81.61,healthy
2026-02-18 10:38:26.722825,38.36,80.66,healthy
2026-02-18 10:43:26.722825,38.52,81.43,healthy
2026-02-18 10:48:26.722825,40.06,112.86,fever
2026-02-18 10:53:26.722825,38.69,78.28,healthy
2026-02-18 10:58:26.722825,38.22,86.6,healthy
2026-02-18 11:03:26.722825,39.56,106.26,fever
2026-02-18 11:08:26.722825,38.72,83.55,healthy
2026-02-18 11:13:26.722825,38.6,90.51,healthy
2026-02-18 11:18:26.722825,38.66,86.64,healthy
2026-02-18 11:23:26.722825,38.5,79.67,healthy
2026-02-18 11:28:26.722825,38.31,83.54,healthy
2026-02-18 11:33:26.722825,38.51,82.93,healthy
2026-02-18 11:38:26.722825,38.64,112.26,stress
2026-02-18 11:43:26.722825,38.47,80.61,healthy
2026-02-18 11:48:26.722825,38.86,135.49,stress
2026-02-18 11:53:26.722825,38.49,81.59,healthy
2026-02-18 11:58:26.722825,38.54,104.23,stress
2026-02-18 12:03:26.722825,38.39,85.72,healthy
2026-02-18 12:08:26.722825,38.39,87.5,healthy
2026-02-18 12:13:26.722825,40.16,115.78,fever
2026-02-18 12:18:26.722825,38.38,82.63,healthy
2026-02-18 12:23:26.722825,38.55,74.18,healthy
2026-02-18 12:28:26.722825,39.92,102.82,fever
2026-02-18 12:33:26.722825,38.24,85.99,healthy
2026-02-18 12:38:26.722825,38.19,94.5,healthy
2026-02-18 12:43:26.722825,38.5,87.27,healthy
2026-02-18 12:48:26.722825,38.49,85.82,healthy
2026-02-18 12:53:26.722825,38.5,87.98,healthy
2026-02-18 12:58:26.722825,38.77,86.28,healthy
2026-02-18 13:03:26.722825,38.69,86.26,healthy
2026-02-18 13:08:26.722825,38.61,93.19,healthy
2026-02-18 13:13:26.722825,38.62,75.74,healthy
2026-02-18 13:18:26.722825,38.67,83.53,healthy
2026-02-18 13:23:26.722825,38.6,88.92,healthy
2026-02-18 13:28:26.722825,38.7,87.52,healthy
2026-02-18 13:33:26.722825,38.3,96.97,healthy
2026-02-18 13:38:26.722825,38.6,87.08,healthy
2026-02-18 13:43:26.722825,38.46,88.32,healthy
2026-02-18 13:48:26.722825,38.79,89.57,healthy
2026-02-18 13:53:26.722825,39.44,109.24,fever
2026-02-18 13:58:26.722825,38.29,82.01,healthy
2026-02-18 14:03:26.722825,38.61,124.75,stress
2026-02-18 14:08:26.722825,38.8,81.22,healthy
2026-02-18 14:13:26.722825,38.47,82.15,healthy
2026-02-18 14:18:26.722825,38.76,83.36,healthy
2026-02-18 14:23:26.722825,38.54,81.39,healthy
2026-02-18 14:28:26.722825,38.26,83.95,healthy
2026-02-18 14:33:26.722825,39.88,116.4,fever
2026-02-18 14:38:26.722825,38.31,97.1,healthy
2026-02-18 14:43:26.722825,38.45,82.86,healthy
2026-02-18 14:48:26.722825,39.28,110.4,fever
2026-02-18 14:53:26.722825,38.63,77.72,healthy
2026-02-18 14:58:26.722825,38.86,86.44,healthy
2026-02-18 15:03:26.722825,38.93,83.85,healthy
2026-02-18 15:08:26.722825,38.64,82.72,healthy
2026-02-18 15:13:26.722825,39.48,108.79,fever
2026-02-18 15:18:26.722825,38.58,80.24,healthy
2026-02-18 15:23:26.722825,38.43,90.5,healthy
2026-02-18 15:28:26.722825,38.33,82.48,healthy
2026-02-18 15:33:26.722825,38.46,81.24,healthy
2026-02-18 15:38:26.722825,38.59,84.65,healthy
2026-02-18 15:43:26.722825,38.41,86.8,healthy
2026-02-18 15:48:26.722825,38.78,87.89,healthy
2026-02-18 15:53:26.722825,38.51,83.35,healthy
2026-02-18 15:58:26.722825,38.77,95.97,healthy
2026-02-18 16:03:26.722825,38.36,85.83,healthy
2026-02-18 16:08:26.722825,38.56,77.06,healthy
2026-02-18 16:13:26.722825,38.53,78.55,healthy
2026-02-18 16:18:26.722825,38.75,90.24,healthy
2026-02-18 16:23:26.722825,38.6,89.8,healthy
2026-02-18 16:28:26.722825,39.98,103.66,fever
2026-02-18 16:33:26.722825,38.33,79.61,healthy
2026-02-18 16:38:26.722825,39.87,105.35,fever
2026-02-18 16:43:26.722825,38.92,87.57,healthy
2026-02-18 16:48:26.722825,38.27,89.45,healthy
2026-02-18 16:53:26.722825,38.36,81.0,healthy
2026-02-18 16:58:26.722825,38.51,82.69,healthy
2026-02-18 17:03:26.722825,38.25,81.06,healthy
2026-02-18 17:08:26.722825,38.3,83.08,healthy
2026-02-18 17:13:26.722825,38.61,91.58,healthy
2026-02-18 17:18:26.722825,38.42,82.52,healthy
2026-02-18 17:23:26.722825,38.57,83.82,healthy
2026-02-18 17:28:26.722825,38.54,81.96,healthy
2026-02-18 17:33:26.722825,38.42,74.43,healthy
2026-02-18 17:38:26.722825,38.41,88.11,healthy
2026-02-18 17:43:26.722825,39.95,107.81,fever
2026-02-18 17:48:26.722825,38.25,82.28,healthy
2026-02-18 17:53:26.722825,39.69,100.14,fever
2026-02-18 17:58:26.722825,38.51,74.85,healthy
2026-02-18 18:03:26.722825,38.44,90.64,healthy
2026-02-18 18:08:26.722825,38.43,78.42,healthy
2026-02-18 18:13:26.722825,38.43,82.92,healthy
2026-02-18 18:18:26.722825,38.49,88.51,healthy
2026-02-18 18:23:26.722825,38.45,85.34,healthy
2026-02-18 18:28:26.722825,38.47,82.91,healthy
2026-02-18 18:33:26.722825,38.59,110.83,stress
2026-02-18 18:38:26.722825,38.6,85.46,healthy
2026-02-18 18:43:26.722825,38.61,91.7,healthy
2026-02-18 18:48:26.722825,38.57,129.44,stress
2026-02-18 18:53:26.722825,40.24,114.23,fever
2026-02-18 18:58:26.722825,38.48,80.84,healthy
2026-02-18 19:03:26.722825,38.3,83.8,healthy
